device_or_cookie_id,device_or_cookie_indicator,{(ip,ip_freq_count,idxip_anonymous_c1,idxip_anonymous_c2,idxip_anonymous_c3,idxip_anonymous_c4,idxip_anonymous_c5)}
id_25644,1,{(ip1750664,18,0,1,1,0,1),(ip5400336,38,0,6,1,0,1),(ip5572833,8,0,8,1,0,1),(ip599211,24,0,24,1,0,1),(ip8273121,21,0,0,1,0,0),(ip13668503,7,0,0,1,0,0),(ip15664993,3,3,3,1,1,1),(ip17041094,15,0,13,1,1,1),(ip4742846,1,1,1,1,1,1),(ip14397385,52,0,48,1,0,1),(ip16112553,12,0,0,1,0,0),(ip13489128,61,61,17,1,1,1),(ip4045927,14,14,14,1,1,1),(ip7389789,32,0,32,1,0,1),(ip6478771,30,0,27,1,0,1),(ip12166210,1,0,1,1,0,1),(ip17793549,38,0,0,1,1,0),(ip20947734,13,0,0,1,0,0),(ip14701338,1,0,1,1,0,1),(ip4469122,9,0,9,1,0,1),(ip16774623,24,24,0,1,1,0),(ip12119449,2,0,2,1,0,1),(ip16881680,60,0,0,1,0,0),(ip13923062,64,0,64,1,1,1),(ip940992,3,0,3,1,0,1),(ip16006520,36,0,0,1,0,0),(ip140143,13,0,13,1,0,1),(ip20581165,54,54,44,1,1,1),(ip14871629,18,18,0,1,1,0),(ip15651604,35,35,0,1,1,0),(ip18598486,18,18,4,1,1,1),(ip19120018,1,0,1,1,0,1),(ip19469076,10,0,10,1,0,1),(ip15160438,35,35,0,1,1,0),(ip20033970,16,0,16,1,0,1),(ip5124588,4,4,4,1,1,1),(ip92174,1,0,1,1,1,1),(ip3326803,18,0,18,2,0,2),(ip8023495,12,0,12,1,1,1),(ip14647236,139,0,0,1,0,0),(ip8644460,1,0,1,1,0,1),(ip11125111,14,0,4,1,0,1),(ip9115874,6,6,1,1,1,1),(ip4860407,18,0,18,1,0,1),(ip6028735,14,14,13,1,1,1),(ip17970714,1,0,0,1,0,0),(ip14295742,31,0,31,3,0,1),(ip4818769,3,0,0,1,0,0),(ip7173940,1,1,0,1,1,0),(ip16256248,19,0,0,1,0,0),(ip7582468,7,0,0,2,0,0),(ip11280917,7,0,7,1,0,1),(ip17086353,9,0,9,1,0,1),(ip7261470,2,0,2,2,0,1),(ip7615387,88,0,21,1,0,1),(ip16565452,33,0,28,1,0,1),(ip383586,3,0,3,1,0,1),(ip338686,4,0,0,1,0,0),(ip15920496,162,162,132,1,1,1),(ip14494914,32,32,0,1,1,0),(ip16747281,15,0,15,1,0,1),(ip14925536,1,0,0,3,0,0),(ip12396563,16,0,16,1,0,1),(ip12739170,54,0,26,1,0,1),(ip15805291,93,93,12,1,1,1),(ip7389509,7,0,7,1,0,1),(ip15544171,84,0,43,1,0,1),(ip9031790,1,0,1,1,0,1),(ip16417869,26,0,26,1,0,1),(ip15790084,10,0,10,1,1,1),(ip10135643,15,0,14,1,0,1),(ip12082157,1,0,0,1,0,0),(ip11610813,26,0,17,1,0,1),(ip11128932,11,0,0,1,0,0),(ip2773275,57,0,57,2,0,2),(ip12325812,36,0,0,1,0,0),(ip8557213,4,0,4,1,1,1),(ip13546228,7,7,7,1,1,1),(ip2215985,58,58,58,1,2,1),(ip10030725,7,0,0,1,0,0),(ip18608131,4,4,0,2,2,0),(ip7106064,12,0,12,1,0,1),(ip10123422,4,0,4,1,0,1),(ip19617983,16,0,16,1,0,1)}
id_1538596,1,{(ip8430529,1,1,1,1,1,1),(ip13619242,1,0,1,1,0,1),(ip7967033,2,2,2,1,1,1),(ip17250874,2,0,2,1,0,1)}
id_679365,1,{(ip18298173,92,66,67,4,2,4),(ip6335716,31,0,31,2,0,2),(ip11644037,2,2,0,1,1,0),(ip18450582,2,0,2,1,0,1),(ip5016691,227,79,111,7,2,7),(ip12244187,8,0,8,2,0,1),(ip5033261,1,0,0,1,0,0),(ip17343809,6,6,6,1,1,1),(ip16884041,3,0,3,2,0,2),(ip8188078,120,0,0,1,0,0),(ip17040769,53,30,38,4,2,4),(ip11273975,12,0,0,1,0,0),(ip7821754,1,0,0,1,0,0),(ip19784907,3,0,0,1,0,0),(ip9839774,22,0,22,1,0,1),(ip7695729,6,2,2,2,1,1),(ip60229,23,0,0,2,0,0),(ip18628678,71,53,43,7,4,4),(ip2737648,32,32,0,1,1,0),(ip9727949,39,0,28,3,0,1),(ip14305531,40,0,0,1,1,0),(ip15024751,34,0,34,1,0,1)}
id_4412099,1,{(ip751690,21,7,7,2,1,1),(ip906036,11,0,0,1,0,0),(ip6779745,29,29,0,1,1,0),(ip17852913,26,0,9,3,0,1),(ip7648988,102,0,102,1,0,1),(ip13601208,1,0,1,1,0,1),(ip9783398,9,0,0,1,0,0),(ip3070414,1,0,0,1,0,0),(ip17708319,1,1,1,1,1,1),(ip8108189,4,0,4,1,0,1),(ip18555894,2,0,2,1,0,1),(ip6945204,41,0,41,1,0,1),(ip17977245,4,4,0,1,1,0),(ip17220737,63,0,0,1,0,0),(ip17383716,3,0,3,1,0,1),(ip17766068,4,0,0,1,0,0),(ip974830,2,0,2,1,0,1),(ip16045508,151,151,0,1,1,0),(ip15166392,20,0,0,1,0,0),(ip4126754,31,0,16,11,0,3),(ip10624567,18,0,18,1,0,1),(ip2753442,16,16,16,1,2,1),(ip19686591,22,22,22,1,1,1),(ip19966223,6,2,0,2,1,0),(ip9168408,3,3,3,1,1,1),(ip3693833,1,1,1,1,1,1),(ip14969030,89,0,89,1,0,1),(ip6285130,6,0,6,1,0,1),(ip19053013,12,0,0,1,1,0),(ip8720427,8,0,8,1,0,1),(ip1179366,4,0,4,1,0,1),(ip14160716,2,0,2,1,0,1),(ip11643647,109,56,23,10,4,4),(ip4060407,11,11,11,1,1,1),(ip11474217,46,46,46,1,1,1),(ip15519943,1,0,0,1,0,0),(ip10351165,95,95,95,1,1,1),(ip21066654,2,0,2,2,1,1)}
id_4191945,1,{(ip11663999,907,13,893,11,2,9)}
id_2927994,1,{(ip13299715,110,0,110,1,0,1),(ip19396910,64,0,64,6,0,6),(ip5095812,7,0,7,1,0,1),(ip8836035,1,0,1,1,0,1),(ip12461285,234,0,234,1,0,1),(ip12217649,581,147,400,20,5,14)}
id_3533475,1,{(ip14712619,19,17,9,5,1,2),(ip16529418,29,0,29,2,0,2),(ip8484920,1,0,1,1,0,1),(ip5981671,20,0,0,2,0,0),(ip16048743,2,0,2,1,0,1),(ip6883847,1,0,0,1,0,0),(ip8815152,2,0,2,1,0,1),(ip14480366,1,0,1,1,0,1),(ip14720644,13,0,5,2,0,1),(ip11912440,6,0,4,2,0,1),(ip5364172,3,0,3,1,1,1),(ip16223765,1,0,1,1,1,1),(ip12323962,1,0,1,1,0,1),(ip3787059,170,97,113,23,7,20),(ip11832145,14,0,11,3,0,2),(ip10421237,30,0,11,2,0,1),(ip12951584,41,0,41,8,0,8),(ip11582300,53,5,0,2,1,0),(ip11959502,7,0,0,1,0,0)}
id_3943971,1,{(ip15261803,1,0,1,1,0,1),(ip10220508,1,0,0,1,0,0),(ip7919686,1,0,1,1,0,1),(ip18168245,2,0,2,1,1,1),(ip3525700,77,57,62,4,1,4)}
id_4352311,1,{(ip4714742,1,0,1,1,0,1),(ip19958382,1,0,1,1,0,1),(ip12688603,1,0,1,1,0,1),(ip7404239,1,0,0,1,0,0),(ip5669878,2,0,0,1,0,0),(ip11135600,1,1,1,1,1,1)}
id_2652219,1,{(ip11447909,1,0,1,1,1,1),(ip12269654,3,0,3,1,0,1),(ip2712616,75,0,0,1,0,0),(ip2498188,4,0,0,1,0,0),(ip2942796,2,0,0,1,0,0),(ip14815853,23,0,23,1,0,1),(ip2422608,21,21,0,1,1,0),(ip10618518,17,17,17,1,1,1),(ip2346996,2,0,2,1,0,1),(ip413539,12,0,12,1,0,1),(ip16829990,2,0,0,1,0,0),(ip3565335,11,0,11,1,0,1)}
id_2355089,1,{(ip5509897,1,0,1,1,0,1),(ip8666730,2,0,2,1,0,1),(ip19954051,4,4,0,1,1,0),(ip11608017,3,0,3,1,0,1),(ip428627,1,1,1,1,1,1),(ip8436577,8,8,8,1,1,1),(ip14290311,1,1,1,1,1,1),(ip9214645,2,2,2,1,1,1),(ip20923106,2,2,0,1,1,0),(ip13985463,23,0,23,1,0,1),(ip18109048,2,0,2,1,0,1),(ip6905513,10,0,10,1,0,1),(ip9812335,5,0,5,1,0,1),(ip15469710,2,0,0,1,0,0),(ip7291653,41,7,35,15,2,7),(ip9828591,7,7,7,1,1,1),(ip207095,16,9,14,4,2,4),(ip10118059,1,0,1,1,0,1),(ip16136799,3,3,2,1,1,1),(ip4246368,30,3,28,4,1,3),(ip8019978,4,0,4,1,0,1),(ip15787615,1,0,1,2,0,1),(ip20351192,2,0,2,2,1,1),(ip3190316,2,0,2,1,0,1),(ip18185679,32,0,27,6,0,5),(ip4046366,154,0,154,1,0,1),(ip3827475,4,0,4,1,0,1),(ip5686094,3,0,3,1,0,1),(ip15779428,1,0,1,1,0,1),(ip162945,4,4,4,1,1,1),(ip14310766,4,0,4,2,0,2),(ip16983898,1,0,1,1,0,1),(ip12264088,5,0,5,1,1,1),(ip13705598,4,0,4,1,0,1),(ip4791210,4,4,4,1,1,1),(ip9862945,57,5,12,11,2,3),(ip20688415,3,3,3,1,1,1),(ip18313122,9,2,9,2,1,2),(ip14544784,6,0,6,2,0,1),(ip19448375,14,0,12,3,0,2),(ip15680804,3,0,2,1,0,1),(ip9248390,3,3,2,4,2,1),(ip13494933,3,0,0,2,0,0),(ip14063271,4,0,4,3,0,1),(ip20117771,8,0,8,1,0,1),(ip16047615,3,0,3,1,0,1),(ip5289419,1,0,1,1,0,1),(ip13985105,85,3,85,2,1,2),(ip1400998,1,0,1,1,0,1),(ip12015389,1,0,1,1,0,1),(ip4394153,5,0,5,1,0,1)}
id_3116130,1,{(ip7423609,2,0,0,1,0,0),(ip17470109,10,10,10,1,1,1),(ip8122057,3,3,3,1,1,1),(ip18575226,73,73,0,1,1,0),(ip12735185,2,0,0,1,0,0),(ip14656527,8,0,2,2,0,1),(ip21072856,1,1,1,1,1,1),(ip7195489,8,0,8,2,0,1),(ip12093767,15,0,1,3,0,1),(ip2995925,2,0,0,1,0,0),(ip17658437,2,0,2,1,0,1),(ip7860858,2,0,2,1,0,1),(ip7968313,2,0,0,2,0,0),(ip9783358,1,0,1,1,0,1),(ip4510462,1,0,1,1,0,1),(ip9625129,12,0,0,1,0,0),(ip17885579,1,0,1,1,0,1),(ip7735099,1,1,1,1,1,1),(ip2667714,2,0,2,1,0,1),(ip4663643,1,1,0,1,1,0),(ip20676832,2,0,2,1,0,1),(ip9591420,2,0,2,1,0,1),(ip6161413,6,0,0,2,0,0),(ip6046003,2,0,0,1,0,0),(ip11859646,2,2,2,1,1,1),(ip12791339,2,0,0,1,0,0),(ip20176593,5,0,5,1,0,1),(ip14650117,4,0,0,1,0,0),(ip11261147,1,0,0,1,0,0),(ip18968214,10,1,4,6,1,3),(ip766439,20,0,0,1,0,0),(ip8440655,3,0,3,1,1,1),(ip10560318,1,0,1,1,0,1),(ip19686584,2,0,2,1,0,1),(ip10167081,2,2,2,1,1,1),(ip11477559,2,0,0,1,0,0),(ip3504124,2,0,0,1,0,0),(ip19809301,1,1,1,3,1,1),(ip18571654,2,0,2,3,0,1),(ip10128681,2,2,2,1,1,1),(ip13537418,1,0,0,1,0,0),(ip9705969,2,0,0,1,0,0),(ip10907534,1,0,1,1,0,1),(ip21100945,2,0,2,1,0,1),(ip6433003,3,0,3,1,0,1),(ip13821741,1,0,1,1,0,1),(ip4793454,4,3,1,5,1,1),(ip2354116,2,0,2,1,0,1),(ip7499796,2,0,2,1,0,1),(ip12736963,6,1,6,4,1,4),(ip1319746,4,2,2,2,1,1),(ip15829947,8,1,8,2,1,2),(ip5199473,1,0,0,1,0,0),(ip7587641,1,0,0,1,0,0),(ip15829512,1,1,0,1,1,0),(ip8665257,2,2,0,2,2,0),(ip21100283,1,0,0,1,0,0),(ip2783065,2,0,0,1,0,0),(ip16561412,2,0,2,3,0,1),(ip6498840,9,0,9,11,0,5),(ip10100620,14,8,3,5,2,1),(ip16235440,1,1,1,1,1,1),(ip10085758,3,0,0,1,0,0),(ip6398877,2,0,0,1,0,0),(ip8182731,1,0,1,1,0,1),(ip13007452,6,0,0,1,0,0),(ip16497576,2,0,2,1,0,1),(ip2028724,3,0,0,2,0,0),(ip3616114,1,1,1,1,1,1),(ip11668099,6,5,5,2,1,1),(ip19451474,2,0,1,2,0,1),(ip5701926,1,1,0,1,1,0),(ip11484940,5,0,5,1,0,1),(ip18758921,1,0,1,1,0,1),(ip15307741,3,0,3,1,1,1),(ip7073213,2,2,2,2,1,1),(ip19092555,2,0,0,1,0,0),(ip17071688,1,0,0,1,0,0),(ip10705213,2,2,2,1,1,1),(ip8059647,25,0,0,1,0,0),(ip15700858,1,0,1,1,0,1),(ip4955150,1,0,0,1,0,0),(ip19775048,1,0,0,1,0,0),(ip12603850,3,3,3,1,1,1),(ip8032007,71,0,58,1,0,1),(ip13619525,1,0,1,1,0,1),(ip20214305,1,0,0,1,0,0),(ip11486780,38,4,29,11,2,7),(ip14947049,10,0,2,3,0,2),(ip6273065,1,1,1,1,1,1),(ip15931325,1,0,1,1,0,1),(ip5401364,1,0,1,1,0,1),(ip7028714,4,0,2,1,0,1),(ip6741688,2,2,0,1,1,0),(ip5573058,5,0,0,1,0,0),(ip5349621,1,0,1,1,0,1),(ip9034487,1,1,1,1,1,1),(ip6212559,1,0,1,1,0,1),(ip6998310,3,2,3,2,1,2),(ip2729709,1,0,1,1,0,1),(ip15353170,2,0,2,1,0,1),(ip3607250,2,2,2,1,1,1),(ip19638394,1,0,0,2,0,0),(ip8686043,1,0,0,1,0,0),(ip6147957,1,0,0,1,0,0),(ip3028879,1,0,1,1,0,1),(ip9769701,5,0,5,1,0,1),(ip13236896,2,0,2,2,0,2),(ip4316422,2,2,2,1,1,1),(ip5100383,6,3,4,3,2,2),(ip11907848,3,0,0,1,0,0),(ip4154841,1,0,1,1,0,1),(ip12682632,2,2,2,1,1,1),(ip12424715,11,0,11,1,0,1),(ip3593282,10,0,10,2,0,1),(ip20905680,12,0,12,1,0,1),(ip6823334,1,1,1,1,1,1),(ip20607440,13,0,13,1,0,1),(ip13834511,1,0,1,1,0,1),(ip18239363,25,0,0,1,0,0),(ip10838639,7,0,7,1,0,1),(ip10019907,2,0,0,1,0,0),(ip16416891,21,13,3,7,2,3),(ip3698666,1,0,0,1,0,0),(ip11103920,1,1,0,2,1,0),(ip10681237,40,9,30,16,6,11),(ip8697285,1,0,1,1,0,1),(ip2866737,3,0,0,1,0,0),(ip18833300,1,0,1,1,0,1),(ip673516,7,0,7,1,0,1),(ip17305997,1,0,1,1,0,1),(ip6741080,1,0,1,1,0,1),(ip12684418,4,0,0,1,0,0),(ip10760935,1,0,0,1,0,0),(ip13709959,3,0,3,1,0,1),(ip2594578,1,0,0,1,0,0),(ip14960231,1,1,0,1,1,0),(ip2968625,5,5,5,1,1,1),(ip4831272,11,0,0,2,0,0),(ip2595909,2,2,0,1,1,0),(ip12584099,4,0,4,3,1,2),(ip2370974,2,0,2,1,0,1),(ip1998160,1,0,0,1,0,0),(ip17141905,2,1,2,2,1,2),(ip15184391,6,0,1,1,0,1),(ip18331146,4,0,0,1,0,0),(ip19587793,12,12,0,1,1,0),(ip10883327,1,0,1,1,0,1),(ip14068971,5,5,0,1,1,0),(ip16667896,22,22,22,1,1,1),(ip15047786,1,0,0,1,1,0),(ip7925791,4,0,4,1,0,1),(ip13999019,1,0,1,1,0,1),(ip9663382,2,0,0,1,0,0),(ip7797924,1,0,1,1,0,1),(ip20206323,4,0,0,1,0,0),(ip5879770,1,1,1,1,1,1),(ip9343435,1,0,0,1,0,0),(ip16637856,2,0,2,2,0,1),(ip13413650,1,0,0,1,1,0),(ip2212617,3,0,3,1,0,1),(ip15204220,1,0,1,1,0,1),(ip9521481,3,0,3,2,0,2),(ip3172376,15,0,15,2,0,2),(ip17869214,1,0,1,1,0,1),(ip19782151,2,2,2,1,1,1),(ip2622614,3,0,3,1,0,1),(ip1876227,1,0,1,1,0,1),(ip10207381,1,0,1,1,0,1),(ip17680017,4,1,3,2,1,1),(ip18937111,1,0,1,1,0,1),(ip19251029,2,0,2,1,0,1),(ip4912695,2,0,2,1,0,1),(ip13828010,2672,824,1666,43,13,46),(ip8001271,6,0,0,1,0,0),(ip12194825,1,1,1,3,1,1),(ip15320118,1,0,1,1,0,1),(ip14743719,2,2,2,2,1,1),(ip20790395,12,1,1,6,1,1),(ip6584321,1,0,1,1,0,1),(ip17007312,23,0,23,1,0,1),(ip9345406,2,0,2,2,0,1),(ip12307336,1,1,0,1,1,0),(ip11327393,1,0,1,1,0,1),(ip17737933,1,1,0,1,1,0),(ip10543938,8,0,8,1,0,1),(ip8061548,1,0,0,1,0,0),(ip8976915,2,0,2,1,0,1),(ip7769589,8,1,2,4,1,1),(ip16640090,1,0,1,1,0,1),(ip3583226,3,0,0,1,0,0),(ip16442996,7,0,6,2,0,2),(ip1923113,1,0,1,1,0,1),(ip6388416,2,0,2,1,0,1),(ip14724568,1,1,0,1,1,0),(ip1912996,1,0,1,1,0,1),(ip1550673,12,12,12,1,1,1),(ip4845482,1,0,0,1,0,0),(ip9781181,2,0,0,1,0,0),(ip7249610,1,0,0,1,0,0),(ip20983881,2,2,2,1,1,1),(ip4186628,2,0,2,1,0,1),(ip17008040,3,0,0,1,0,0),(ip11538284,1,0,1,2,0,1),(ip4822629,5,0,5,1,0,1),(ip10985982,42,0,42,2,0,1),(ip14650614,2,0,0,1,0,0),(ip19556826,1,0,0,1,1,0),(ip9069079,1,0,0,1,0,0),(ip18132806,3,0,3,1,0,1),(ip17061514,2,0,2,1,0,1),(ip13886817,1,0,0,1,1,0),(ip14799610,1,0,1,1,0,1),(ip19980796,1,0,1,1,0,1),(ip12261846,9,0,9,1,0,1),(ip11236592,25,0,0,1,0,0),(ip7844075,2,0,0,1,0,0),(ip10841053,5,0,1,2,0,1),(ip3702680,7,0,7,2,0,2),(ip1834742,1,0,1,1,0,1),(ip10879109,12,12,0,1,1,0),(ip4906574,2,0,2,1,0,1),(ip18974390,1,0,1,1,0,1),(ip20845957,1,0,0,1,0,0),(ip16854203,2,0,0,1,0,0),(ip1966465,2,2,0,1,1,0),(ip2243356,7,0,0,1,0,0),(ip8014760,10,3,8,4,1,3),(ip2497737,2,2,2,1,1,1),(ip13552161,2,0,2,1,0,1),(ip462952,1,0,0,1,0,0),(ip11036683,1,1,1,1,1,1),(ip11033883,47,36,42,6,2,5),(ip11515646,6,0,6,1,0,1),(ip14729466,1,0,1,1,1,1),(ip1383991,1,0,1,1,0,1),(ip1799235,3,0,3,1,0,1),(ip15544218,2,0,2,1,0,1),(ip13770420,1,0,1,1,0,1),(ip19869061,4,0,4,1,0,1),(ip20184884,1,0,1,1,0,1),(ip13735142,5,5,0,1,1,0),(ip8836253,20,20,20,1,1,1),(ip7037610,1,0,1,1,0,1),(ip1537722,1,0,1,1,0,1),(ip10811201,1,0,1,1,0,1),(ip20785453,4,0,4,3,0,3),(ip14177581,8,0,8,1,0,1),(ip6919693,1,0,0,1,0,0),(ip12737125,2,0,2,1,0,1),(ip15214232,1,1,1,1,2,1),(ip2176731,1,1,1,1,1,1),(ip19566960,3,0,3,1,0,1),(ip979477,1,0,1,1,0,1),(ip2439569,1,0,1,1,0,1),(ip14079542,1,0,1,1,0,1),(ip15378893,1,0,1,1,0,1),(ip5187385,4,0,3,1,0,1),(ip1457455,1,1,1,1,1,1),(ip19535251,3,0,3,2,0,2),(ip7024592,1,0,1,1,0,1),(ip15227469,1,0,1,1,0,1),(ip5197229,7,1,6,5,1,3),(ip16383875,1,0,1,1,0,1),(ip5098854,2,0,2,1,0,1),(ip6053655,30,9,18,11,3,6),(ip5506045,8,0,8,2,0,2),(ip8530977,4,0,4,2,0,1),(ip13315674,37,17,1,4,2,1),(ip858437,2,0,2,1,0,1),(ip5562805,1,1,1,1,1,1),(ip14283156,3,0,3,1,0,1),(ip5587913,7,5,2,3,1,2),(ip410271,1,1,1,1,1,1),(ip2601058,2,0,2,1,0,1),(ip704256,1,1,1,1,1,1),(ip4581478,1,0,1,1,1,1),(ip18734878,1,0,0,1,0,0),(ip17136484,7,0,4,4,0,3),(ip1235747,1,0,1,1,0,1),(ip8466052,2,0,2,1,0,1),(ip7615309,2,0,2,2,0,1),(ip14132057,2,0,2,1,0,1),(ip17218067,1,0,1,1,0,1),(ip14236435,7,0,7,3,0,1),(ip6066242,1,0,0,1,0,0),(ip3136264,4,0,0,1,0,0),(ip7279801,5,0,0,1,0,0),(ip8777970,2,0,2,1,0,1),(ip13830232,1,0,1,1,0,1),(ip10813316,1,0,0,1,0,0),(ip6943406,5,0,5,2,0,2),(ip12645114,4,1,0,2,1,0),(ip19545016,1,0,0,1,0,0),(ip2230027,7,7,0,1,1,0),(ip6472362,5,0,5,1,0,1),(ip20498943,1,1,1,1,1,1),(ip9862587,34,9,26,10,3,7),(ip9574595,5,0,0,1,0,0),(ip93759,15,0,15,1,0,1),(ip5472838,5,0,3,2,0,1),(ip19925791,1,1,1,1,1,1),(ip15172948,1,0,1,1,1,1),(ip18325382,1,0,0,1,0,0),(ip2702969,3,0,3,1,0,1),(ip16065229,2,0,0,1,0,0),(ip19967769,6,0,0,1,0,0)}
id_2160394,1,{(ip9372096,16,0,16,1,0,1),(ip7526654,8,0,0,1,0,0),(ip14833949,2,0,2,2,1,2),(ip2111262,1,0,1,1,0,1),(ip12459027,594,252,287,12,10,7),(ip13471994,8,7,8,3,2,3),(ip10524479,4,0,4,2,0,1),(ip20239340,2,2,0,1,1,0),(ip3710990,1,0,1,1,0,1),(ip18587503,4,4,4,1,1,1)}
id_1856526,1,{(ip4911740,1,0,1,1,0,1),(ip17461377,3,0,1,3,0,1),(ip19553152,4,4,4,1,2,1),(ip12603731,4,4,0,1,1,0),(ip3212485,5,0,5,1,0,1),(ip13711391,1,1,0,1,1,0),(ip266286,3,0,3,1,0,1),(ip4608898,2,0,0,1,0,0),(ip8076704,3,1,2,2,1,1),(ip9507217,2,1,2,2,1,2),(ip4132407,3,0,3,4,0,2),(ip6444405,1,0,1,1,0,1),(ip15305388,1,0,1,1,0,1),(ip9608479,28,28,28,1,1,1),(ip13794274,1,0,0,3,0,0),(ip14270440,3,0,3,1,1,1),(ip10552310,1,0,1,1,0,1),(ip5083288,12,0,4,4,0,2),(ip18969934,2,0,2,1,0,1),(ip4118320,2,0,2,1,0,1),(ip3059284,1,0,1,1,0,1),(ip18387013,1,0,1,1,0,1),(ip20953344,41,0,41,1,1,1),(ip1222706,2,0,2,1,1,1),(ip3834486,3,0,3,3,0,1),(ip14926618,1,0,1,1,0,1),(ip12074406,3,3,0,2,2,0),(ip5881927,2,0,2,1,0,1),(ip18352824,1,0,1,1,0,1),(ip17922984,3,0,3,1,0,1),(ip6922955,1,0,1,1,1,1)}
id_1584989,1,{(ip20241786,22,21,22,2,1,2),(ip20732744,549,69,102,20,4,9),(ip14151859,3,3,3,1,1,1),(ip14535218,10,0,0,2,0,0)}
id_2949626,1,{(ip18474673,2,0,0,1,1,0),(ip17115944,2,0,2,1,0,1),(ip10223270,31,0,31,1,0,1)}
id_1039432,1,{(ip18209855,2,0,2,1,0,1),(ip9805812,84,0,84,1,0,1),(ip7891730,9,0,9,1,1,1),(ip19857623,4,0,4,1,0,1),(ip6693040,1,1,1,1,1,1),(ip12394130,13,0,13,1,0,1),(ip14786716,116,0,116,1,0,1),(ip11389384,1,0,1,1,0,1),(ip5995790,135,0,135,1,0,1),(ip17809345,8,0,8,1,0,1),(ip1742052,2,0,2,1,0,1),(ip6128905,6,0,6,1,0,1),(ip8766241,12,0,12,1,0,1),(ip948033,5,0,5,1,0,1),(ip6767036,15,0,15,1,0,1),(ip18104552,8,0,8,1,0,1),(ip3408841,1,0,1,1,0,1),(ip6083553,2,0,2,2,0,1),(ip18517623,5,0,5,1,0,1)}
id_4709390,1,{(ip3417628,113,0,20,3,0,1),(ip16085263,5,0,5,1,0,1),(ip20342480,53,0,53,6,0,6),(ip8545343,1,0,1,1,0,1),(ip20393992,1,0,0,1,1,0),(ip283376,1,0,1,1,0,1),(ip17277669,1,0,0,1,0,0),(ip6534128,31,31,31,1,1,1)}
id_2375122,1,{(ip6729752,22,0,16,2,0,2),(ip1188683,3128,1430,1477,43,15,49),(ip9135261,13,0,0,1,0,0),(ip15950801,12,0,9,2,0,1),(ip9696750,3,0,0,1,0,0),(ip20159311,5,0,2,2,0,1)}
id_3796052,1,{(ip7085496,193,0,193,14,0,14),(ip526284,6,0,0,1,0,0)}
id_531320,1,{(ip6021871,1,1,1,1,1,1),(ip17866078,1,0,1,2,0,1),(ip1186435,1,0,1,1,0,1),(ip17491913,1,0,0,1,1,0),(ip8431813,2,2,2,1,1,1),(ip10759987,2,0,2,1,0,1),(ip11762749,14,2,10,4,1,3),(ip10548835,13,9,4,4,1,3),(ip10207574,28,0,28,2,0,2),(ip3401177,2,0,2,1,0,1),(ip676817,3,0,3,1,0,1),(ip20888979,1,0,0,1,0,0),(ip14464284,1,1,1,1,1,1),(ip18102452,1,0,1,1,0,1)}
id_1445718,1,{(ip10003423,8,0,8,1,0,1),(ip17875191,20,0,18,4,0,3),(ip9129591,3,0,3,1,0,1),(ip12405159,1,0,1,1,0,1),(ip8378295,605,0,605,6,0,6),(ip2023401,4,0,4,1,0,1),(ip3579219,524,521,1,3,1,1)}
id_1926204,1,{(ip11023429,62,16,7,2,1,1),(ip3562040,46,0,46,1,0,1),(ip7396503,2,2,2,1,1,1),(ip9817636,2,0,0,1,0,0),(ip1575627,1,1,1,1,1,1),(ip21117058,27,27,27,1,1,1),(ip6791658,8,0,8,5,0,2),(ip19359247,23,0,0,1,0,0),(ip9245156,3,0,0,1,0,0),(ip7162697,40,10,30,2,1,1),(ip1154672,1,0,1,1,0,1),(ip17673136,35,0,6,2,1,1),(ip5793591,18,0,18,1,1,1),(ip10239966,14,0,0,1,0,0),(ip7167985,35,0,0,2,0,0),(ip8102069,40,0,0,1,0,0),(ip3586315,2,2,2,1,1,1),(ip13817990,276,276,217,1,2,2),(ip20215461,306,0,306,3,0,3),(ip6708739,91,46,45,3,2,2),(ip12042212,17,0,17,1,0,1),(ip12393228,113,0,113,2,0,1),(ip13236866,12,12,12,1,1,1),(ip11739136,5,0,5,1,0,1),(ip11963620,17,0,17,1,0,1),(ip18546189,163,145,145,2,1,1),(ip10505741,31,0,31,1,0,1),(ip19098421,13,13,0,1,1,0),(ip6063981,1,0,0,1,0,0),(ip9958155,9,0,9,1,0,1),(ip5916335,4,4,0,1,1,0),(ip3863642,34,0,0,2,0,0),(ip9349526,13,13,13,1,1,1),(ip11707837,6,0,0,1,0,0),(ip3238693,157,0,157,1,0,1),(ip3073280,25,0,0,1,0,0),(ip4977883,17,6,0,2,1,0),(ip20979612,16,0,16,1,0,1),(ip10404552,45,0,0,1,0,0),(ip13565762,6,0,0,1,0,0),(ip3157060,60,0,60,2,0,1),(ip17857511,17,0,0,1,0,0),(ip18257114,482,482,0,1,1,0),(ip5799719,2,0,0,3,0,0),(ip12510579,132,0,132,2,0,2),(ip13508428,47,0,47,1,0,1),(ip11067520,2,2,0,1,1,0),(ip14079679,16,16,0,1,1,0),(ip20955099,52,0,52,1,0,1),(ip16661582,68,0,0,1,0,0),(ip14465520,121,0,0,1,0,0),(ip9663459,1,0,1,1,0,1),(ip4352487,38,0,38,1,0,1),(ip16959027,95,0,51,2,0,1),(ip19002283,1,0,1,1,0,1),(ip15568150,28,0,28,1,0,1),(ip2728973,78,0,7,2,0,1),(ip3211067,7,7,7,1,1,1),(ip5722359,3,0,3,1,1,1),(ip10129064,2,1,1,2,1,1),(ip21060506,11,11,11,2,2,2),(ip16596789,1,0,1,1,0,1),(ip7758722,15,0,12,2,0,1),(ip15254463,14,0,0,1,0,0),(ip10709341,68,68,29,1,1,1),(ip3141672,18,0,18,2,1,1),(ip15565183,12,12,12,1,1,1),(ip3268332,33,0,33,1,0,1),(ip8152756,4,0,4,1,0,1),(ip12304552,113,0,113,1,0,1),(ip19396301,48,0,0,1,0,0),(ip16043578,2,0,0,1,0,0),(ip16825836,90,0,90,1,0,1),(ip8516788,15,0,13,1,0,1),(ip6858222,24,0,24,2,0,1),(ip6898989,3,0,0,1,0,0),(ip8522886,9,0,9,1,0,1),(ip6231352,345,0,343,1,0,1),(ip14896970,313,0,178,1,0,1),(ip7197842,4,0,0,1,0,0),(ip15372905,134,123,91,2,1,1),(ip2054411,10,0,0,1,0,0),(ip1713685,1,0,0,3,0,0),(ip9990433,1,0,1,1,1,1)}
id_1455310,1,{(ip16232601,24,0,24,1,0,1),(ip2480741,15,0,13,4,0,1),(ip6784237,1,1,0,1,1,0),(ip10613784,15,5,8,4,2,3),(ip1032028,14,14,10,2,2,2),(ip9268805,2147,529,1196,33,11,29),(ip16288212,13,3,13,9,2,9),(ip8456673,7,0,0,1,0,0),(ip3795993,140,0,41,3,0,2),(ip3897549,1,0,0,1,0,0),(ip6382328,2,0,0,1,0,0),(ip6572610,31,4,19,2,1,2)}
id_150690,1,{(ip9460652,5,0,0,1,0,0),(ip5559780,1,0,1,1,0,1),(ip683693,1,0,1,1,0,1),(ip9485904,1,1,0,1,1,0),(ip12353641,35,35,35,1,1,1),(ip10592700,4,0,2,2,0,1),(ip7477610,13,0,13,1,0,1),(ip4391319,2,0,0,1,0,0),(ip14240544,10,0,10,1,0,1),(ip9057440,8,8,8,1,1,1),(ip20296536,1,1,0,1,1,0),(ip69791,2,0,0,1,0,0),(ip11489422,1,0,1,1,1,1),(ip21042545,1,1,1,1,1,1),(ip8710471,8,0,0,1,0,0),(ip11882016,6,0,0,2,0,0),(ip12442228,2,0,2,1,0,1),(ip20190941,2,2,0,1,1,0),(ip5550262,1,0,0,1,0,0),(ip17062582,2,2,0,1,1,0),(ip6788715,1,1,1,1,1,1),(ip20785550,2,0,2,1,0,1),(ip14992737,1,0,0,1,0,0),(ip1529916,9,9,0,1,1,0),(ip16962464,7,0,0,1,0,0)}
id_2203249,1,{(ip10484835,4,0,0,1,0,0),(ip4641631,1,0,1,1,0,1),(ip2557773,2,0,2,1,0,1),(ip7461460,11,11,0,2,1,0),(ip14529645,5,0,5,1,0,1),(ip17343799,1,1,0,1,1,0),(ip10424889,1,0,1,2,0,1),(ip13673994,9,9,6,1,1,1),(ip13085446,4,3,0,2,1,0),(ip6287514,1,0,1,1,0,1),(ip19720882,10,0,0,1,0,0)}
id_549309,1,{(ip14799852,12,0,1,2,0,1),(ip6978080,8,8,8,1,1,1),(ip7697277,2,0,0,1,0,0),(ip17485751,5,5,5,1,1,1),(ip2977868,1,0,1,1,0,1),(ip12672528,6,0,0,1,0,0),(ip12920769,31,0,0,1,0,0),(ip14067074,1,0,0,1,0,0),(ip12102381,11,11,0,1,1,0),(ip4700295,2,0,0,1,1,0),(ip13194411,100,0,0,1,0,0),(ip14432711,1,0,1,1,0,1),(ip3639680,1,1,1,1,1,1),(ip16760410,7,7,7,1,1,1),(ip2469231,28,28,28,2,1,1),(ip3770331,2,2,2,1,1,1),(ip5766498,4,0,4,1,0,1)}
id_2688334,1,{(ip8556602,6,0,4,3,0,1),(ip19284198,2,0,1,1,0,1),(ip19133370,2,0,2,1,0,1),(ip14495539,21,0,9,1,0,1),(ip4805632,4,4,4,1,1,1),(ip10038569,1,1,1,1,2,1),(ip3616904,9,9,1,2,1,1),(ip7835584,3,3,3,1,1,1),(ip18525144,1,0,1,1,0,1),(ip1957415,9,9,9,1,1,1),(ip796042,4,0,0,1,0,0),(ip7922010,2,2,0,1,1,0),(ip9162679,3,0,3,1,0,1),(ip7128921,9,0,9,1,0,1),(ip15777138,1,0,0,1,0,0),(ip4245842,3,0,3,1,0,1),(ip15267564,22,0,22,1,0,1),(ip9057360,9,0,9,1,0,1),(ip9821849,1,0,1,1,0,1),(ip8982466,6,0,2,2,0,1),(ip19659735,2,2,0,1,1,0),(ip18650352,3,0,0,1,0,0),(ip1033452,4,0,4,1,0,1),(ip4500521,1,0,1,1,0,1),(ip20841418,1,0,1,1,0,1),(ip16868519,2,0,2,1,0,1),(ip11544481,15,15,15,1,1,1),(ip8098066,5,5,5,1,1,1),(ip7252693,2,0,2,1,0,1),(ip1189436,2,2,2,1,1,1),(ip7678883,7,7,7,1,1,1),(ip19815351,2,0,0,1,0,0),(ip2232463,199,22,131,16,3,15),(ip8984836,1,0,1,1,0,1),(ip16005116,2,0,0,1,1,0),(ip9516945,5,0,5,1,0,1),(ip17781668,3,3,0,1,1,0),(ip12091474,1,1,1,3,1,1),(ip12700639,1,1,0,1,1,0),(ip3173614,1,0,1,1,0,1),(ip17254787,27,0,27,1,0,1),(ip4380090,1,0,1,1,1,1),(ip11671852,1,1,1,1,1,1),(ip16928980,1,1,1,1,1,1),(ip17997006,24,0,24,1,0,1),(ip8977350,1,0,0,1,0,0),(ip3825253,1,0,1,1,0,1),(ip6004891,4,0,4,2,0,2),(ip10536074,3,3,0,3,1,0),(ip17437338,1,1,1,1,1,1),(ip1832152,2,0,1,1,0,1),(ip6358075,5,0,5,2,0,2),(ip11394486,1,0,0,1,0,0),(ip14525579,5,0,5,1,0,1),(ip6069062,4,0,4,1,0,1),(ip330820,1,1,0,1,1,0),(ip17690680,2,2,2,1,1,1),(ip2284624,3,0,3,1,0,1),(ip13111083,1,0,0,1,0,0),(ip11428277,22,0,0,1,0,0),(ip15791450,1,0,0,1,0,0),(ip18801327,17,7,7,4,2,2),(ip3246379,6,6,6,1,1,1),(ip10552195,20,13,12,5,2,3),(ip18665316,3,2,2,2,1,1),(ip681120,2,2,2,1,1,1),(ip16440002,2,0,2,1,0,1),(ip10336972,11,0,2,2,0,1),(ip12232403,1,0,1,1,0,1),(ip17766852,3,3,0,1,1,0),(ip8103564,2,0,2,1,0,1),(ip9501039,5,5,5,1,1,1),(ip15989796,3,0,3,1,0,1),(ip211391,3,0,3,1,0,1),(ip10362951,2,2,2,2,1,1),(ip12536275,3,0,3,1,0,1),(ip18462368,4,0,0,1,0,0),(ip19730887,16,0,16,1,0,1),(ip9073106,3,0,1,1,0,1),(ip15673430,1,0,1,1,0,1),(ip13781286,22,6,0,6,1,0),(ip4663497,1,1,1,1,1,1),(ip5343187,2,0,2,1,0,1),(ip472312,2,2,2,1,1,1),(ip2722002,4,0,4,1,0,1),(ip15344481,22,5,20,7,3,8),(ip3213452,3,0,3,1,0,1),(ip5112920,3,0,2,1,0,1),(ip20905226,3,3,3,1,1,1),(ip17522513,2,0,0,1,0,0),(ip1799738,8,6,7,4,2,4),(ip3355596,1,1,0,2,1,0),(ip3994055,1,0,1,1,0,1),(ip363344,3,0,3,1,0,1),(ip2344633,2,0,2,1,0,1),(ip3019152,4,0,3,2,0,1),(ip2754268,1,1,1,1,1,1),(ip8205493,3,3,3,1,1,1),(ip13653270,2,0,2,1,0,1),(ip10718545,2,0,2,1,0,1),(ip12390321,1,1,1,1,1,1),(ip15771527,3,0,0,1,0,0),(ip7764379,18,18,18,1,1,1),(ip10318261,3,0,3,1,0,1),(ip99139,1,1,0,1,1,0),(ip16194364,3,0,3,1,0,1),(ip15854354,2,2,2,1,1,1),(ip20994571,4,0,0,1,0,0),(ip5535245,2,2,2,1,1,1),(ip5530102,3,0,3,1,0,1),(ip5030229,3,3,0,1,1,0),(ip6408283,1,0,1,1,0,1),(ip13302693,1,1,0,1,1,0),(ip12537097,1,1,0,1,1,0),(ip19801132,11,11,0,1,1,0),(ip11606579,1,1,0,1,1,0),(ip4375292,1,1,0,1,1,0),(ip14737770,9,0,6,1,0,1),(ip16247941,2,0,0,1,0,0),(ip2882106,5,0,5,1,0,1),(ip18642265,2,2,2,1,1,1),(ip14466051,1,0,1,1,0,1),(ip11594132,1,0,0,1,0,0),(ip20318287,1,1,1,1,1,1),(ip12787020,2,0,2,1,0,1),(ip7538793,1,1,1,1,1,1),(ip17493491,5,0,0,1,0,0),(ip10488148,1,0,1,1,0,1),(ip11757897,1,0,1,1,0,1),(ip9839087,1,0,0,1,0,0),(ip5216715,1,1,1,1,1,1),(ip9505419,101,0,101,2,0,2),(ip18722078,1,0,1,1,0,1),(ip13943310,3,0,3,1,0,1),(ip17484128,1,0,1,1,0,1),(ip2542086,1,1,0,1,1,0),(ip12581940,2,0,2,1,0,1),(ip17702952,3,1,3,2,1,2),(ip912459,2,0,0,1,0,0),(ip4135374,1,1,0,1,1,0),(ip9536046,1,0,1,1,0,1),(ip18311102,2,0,2,1,1,1),(ip1184789,1,0,1,1,0,1),(ip10250594,1,1,1,1,1,1),(ip1420241,2,0,2,1,0,1),(ip14335763,2,2,2,1,1,1),(ip20506186,4,0,4,1,0,1),(ip12935903,2,0,2,1,0,1),(ip18188634,1,0,1,1,0,1),(ip16657915,3,0,3,1,0,1),(ip2209633,6,4,1,3,2,1),(ip16839191,7,7,0,1,1,0),(ip16399461,9,0,9,1,0,1),(ip18143711,2,0,2,1,0,1),(ip18411077,8,8,8,1,1,1),(ip634967,7,7,0,1,1,0),(ip14970720,2,0,2,1,0,1),(ip13924163,3,0,3,1,0,1),(ip14466678,3,0,3,1,0,1),(ip13770106,2,0,2,1,0,1),(ip12271970,2,0,0,1,0,0),(ip20069636,34,0,34,1,0,1),(ip5031467,1,0,0,1,0,0),(ip2244639,1,1,1,2,1,1),(ip10725661,1,0,0,1,0,0),(ip14149357,1,0,0,1,0,0),(ip1761382,1,0,1,1,0,1),(ip15884420,1,0,1,2,0,1),(ip3872759,3,0,3,1,0,1),(ip15501132,5,5,5,1,1,1),(ip4875093,1,0,1,1,0,1),(ip13802358,4,0,4,1,0,1),(ip16351400,8,5,8,2,1,2),(ip11901250,14,0,0,1,0,0),(ip13023167,1,0,0,1,0,0),(ip17307738,3,3,1,2,4,1),(ip1147557,1,1,1,1,1,1),(ip1685266,10,5,8,3,1,2),(ip2667361,2,2,2,1,1,1),(ip1590225,2,0,2,1,0,1),(ip10500521,7,0,0,1,0,0),(ip7390763,5,0,0,1,0,0),(ip16177052,2,0,2,1,0,1),(ip3198349,8,2,3,4,1,1),(ip11736709,4,0,4,1,0,1),(ip12579546,8,0,8,1,0,1),(ip20152020,4,0,1,2,0,1),(ip16729433,1,0,1,1,0,1),(ip5811239,23,23,0,1,1,0),(ip378362,4,0,4,2,0,2),(ip16382847,1,0,1,1,0,1),(ip10856055,1,1,1,1,1,1),(ip1550817,1,1,1,1,1,1),(ip12259656,3,0,0,1,0,0),(ip18839243,2,2,2,1,1,1),(ip12270802,1,0,1,1,0,1),(ip1030980,2,0,2,1,0,1),(ip9784670,1,1,1,1,1,1),(ip593431,2,0,2,1,0,1),(ip14410485,7,0,7,1,0,1),(ip5999676,3,0,3,1,0,1),(ip8466612,1,0,1,1,0,1),(ip10551757,1,0,0,1,0,0),(ip12678514,3,0,3,1,0,1),(ip19758097,2,2,2,1,1,1),(ip16312384,1,0,1,3,0,1),(ip15566345,2,0,2,1,0,1),(ip16140311,2,0,2,1,0,1),(ip4545828,15,15,15,1,1,1),(ip3775088,5,0,5,1,0,1),(ip3819776,1333,385,628,35,11,20),(ip11993714,1,0,1,1,0,1),(ip6451448,1,0,0,1,0,0),(ip15912053,16,0,16,1,0,1),(ip12308850,3,0,3,1,0,1),(ip5181511,16,0,0,1,0,0),(ip17662299,2,0,0,1,0,0),(ip609729,4,0,4,1,0,1),(ip15751225,11,11,11,1,1,1),(ip12335575,3,0,0,3,1,0),(ip19945929,1,1,0,1,1,0),(ip8698410,4,0,4,1,0,1),(ip4808340,2,0,2,2,0,1),(ip18155627,1,1,1,1,1,1),(ip16703661,1,0,1,1,0,1),(ip15482641,2,0,2,1,0,1),(ip14816806,1,0,1,1,0,1),(ip12642869,9,0,9,1,0,1),(ip7287929,1,0,1,1,0,1),(ip9750378,5,0,5,2,1,2),(ip10742066,1,0,0,1,0,0),(ip13823646,3,3,3,1,1,1),(ip18149435,8,3,5,3,1,2),(ip7147626,4,0,3,1,0,1),(ip386779,1,0,0,1,0,0),(ip6688949,8,6,0,4,5,0),(ip14879128,1,0,1,1,0,1),(ip7580676,2,0,2,1,0,1),(ip8534918,7,1,6,3,1,2),(ip7133793,1,0,0,1,1,0),(ip9193396,16,4,5,8,3,2),(ip13821122,3,0,3,1,0,1),(ip8963140,1,0,1,1,0,1),(ip16260703,2,0,2,2,0,2),(ip20447086,1,0,0,1,0,0),(ip19722939,1,0,0,1,0,0),(ip2058796,67,67,0,1,1,0),(ip676104,1,0,1,1,0,1),(ip16861696,3,0,3,1,0,1),(ip13842385,1,0,1,1,0,1),(ip15241829,6,0,0,1,0,0),(ip15289352,2,0,2,5,0,2),(ip10133176,1,0,0,1,0,0),(ip20176897,1,0,0,1,0,0),(ip11593499,7,5,7,5,1,2),(ip9201499,2,0,0,1,0,0),(ip7566335,1,1,1,1,1,1),(ip3371738,1,0,0,1,0,0),(ip5433685,3,0,3,1,0,1),(ip5176835,2,0,2,1,0,1),(ip11969430,1,0,1,1,0,1),(ip11622487,3,0,0,1,0,0),(ip12559845,25,0,25,1,0,1),(ip4418804,1,0,1,1,0,1),(ip10601976,1,0,1,1,0,1),(ip18312174,2,2,2,1,1,1),(ip13471771,1,1,1,1,1,1),(ip6549017,1,0,1,1,0,1),(ip5709460,1,1,1,3,1,1),(ip13256875,21,21,0,1,1,0),(ip20072761,2,2,0,1,1,0),(ip1577468,14,0,14,1,0,1),(ip20863703,2,2,2,1,1,1),(ip1144719,1,0,0,1,0,0),(ip5961243,30,0,30,1,0,1),(ip15630868,1,1,1,1,1,1),(ip11393392,2,0,2,1,0,1),(ip10904009,7,4,5,4,1,2),(ip10314393,1,0,1,1,0,1),(ip18496356,6,0,6,2,0,1),(ip18894961,1,0,1,2,0,1),(ip17538453,24,24,0,1,1,0),(ip19150602,9,0,7,4,0,4),(ip15339810,169,150,19,3,1,2),(ip8475090,13,8,11,7,4,5),(ip21122849,1,0,0,1,1,0),(ip5126950,3,0,0,1,0,0),(ip19078251,7,7,0,1,1,0),(ip18691719,1,0,1,1,0,1),(ip3774762,28,0,28,1,0,1),(ip3495658,1,0,1,1,0,1),(ip14595906,12,0,0,1,0,0),(ip1084021,37,3,34,1,3,1),(ip17152206,4,0,4,2,0,2),(ip4013439,4,0,0,1,1,0),(ip8514227,1,1,0,1,1,0),(ip2556201,1,0,1,1,0,1),(ip10806348,2,0,2,1,0,1),(ip6754858,10,0,0,1,0,0),(ip2339645,1,0,0,1,0,0),(ip17463875,1,1,1,1,1,1),(ip6899992,1,1,1,1,1,1),(ip15592095,2,2,2,3,1,1),(ip17411413,1,0,1,1,0,1),(ip17484495,1,1,0,1,1,0)}
id_628085,1,{(ip6247094,1,1,1,1,1,1),(ip21038672,9,0,0,1,0,0),(ip18284483,13,0,7,3,0,2),(ip17684318,13,0,4,2,0,2),(ip12479311,1,1,1,1,1,1),(ip19904259,1,0,0,1,0,0),(ip19130732,1,1,0,1,1,0),(ip18135633,2,0,2,1,0,1),(ip10467370,2,2,2,1,1,1),(ip15031595,1,0,1,1,0,1),(ip13733773,4,2,2,2,1,1),(ip18201399,1,0,1,3,0,1),(ip9083140,20,20,14,2,2,1),(ip6374840,1,1,0,1,1,0),(ip11691207,155,107,107,2,1,1)}
id_7443,1,{(ip12835977,1,0,1,1,0,1),(ip6395765,1,0,0,1,0,0),(ip15230000,2,0,0,1,0,0),(ip11370710,1,0,0,1,1,0),(ip19367298,1,0,1,1,0,1),(ip18686307,1,0,0,1,0,0),(ip4960155,8,2,3,5,2,3)}
id_3421666,1,{(ip14795670,4,0,4,1,0,1),(ip9676363,71,6,30,4,1,3),(ip13020679,34,0,0,2,0,0),(ip18034215,58,58,23,2,2,1),(ip7002437,6,5,5,3,2,2),(ip14342649,295,6,6,2,1,1),(ip12718145,39,24,24,4,1,1),(ip20707628,3,0,3,1,0,1),(ip17979399,43,1,1,2,1,1),(ip1964855,64,0,64,8,0,8)}
id_3496589,1,{(ip14891404,3,3,0,1,1,0),(ip11633938,2,2,2,1,1,1),(ip19256021,7,7,7,1,1,1),(ip16356780,8,0,8,1,0,1),(ip6028741,1,1,1,1,1,1),(ip18611952,4,4,4,1,1,1),(ip4959847,6,6,6,1,1,1),(ip20989900,5,5,5,1,1,1),(ip13785446,20,20,0,1,1,0),(ip1714218,1,0,0,1,0,0),(ip4465189,6,6,6,1,1,1),(ip2315331,2,2,2,1,1,1),(ip19565950,3,3,3,1,1,1),(ip772517,1,1,1,1,1,1),(ip9674009,3,0,0,1,1,0),(ip7039624,9,0,9,3,0,1),(ip6149107,16,16,16,1,1,1),(ip17377076,4,4,4,1,1,1),(ip2063350,2,2,2,1,1,1),(ip16970762,3,0,3,1,0,1),(ip2859980,1,1,1,1,1,1),(ip18985728,2,2,2,1,1,1),(ip2529676,7,7,7,1,1,1),(ip13948527,4,0,0,1,0,0),(ip10285348,6,6,6,1,1,1),(ip4472696,1,0,0,1,0,0),(ip13684775,15,15,15,1,1,1),(ip16332670,8,8,4,1,1,1),(ip1992767,3,3,3,1,1,1),(ip8051281,1,1,1,1,1,1),(ip19087570,28,28,28,1,1,1),(ip3291461,11,11,11,1,1,1),(ip16939126,7,7,7,1,1,1),(ip15443447,7,0,7,1,0,1),(ip2987138,13,13,13,2,1,1),(ip20319681,5,5,5,1,1,1),(ip565941,7,7,0,2,2,0),(ip14074856,5,5,5,1,1,1),(ip19236262,1,0,0,1,0,0),(ip9842099,6,6,6,1,1,1),(ip16854596,6,6,6,1,1,1),(ip131413,1,0,0,1,0,0)}
id_1435479,1,{(ip14078555,7,0,7,1,0,1),(ip8436328,16,0,10,3,0,2),(ip19372845,50,21,46,7,3,6),(ip13462503,8,6,6,2,1,1),(ip13126579,24,0,0,1,0,0)}
id_2335827,1,{(ip6546330,4,0,0,1,0,0),(ip19709395,2,0,0,1,1,0),(ip10624276,7,0,0,1,0,0),(ip17910402,10,0,0,1,0,0),(ip16224970,82,0,0,1,0,0),(ip11473082,1,0,0,1,0,0),(ip16862985,12,0,0,2,0,0),(ip10062990,29,0,0,1,0,0),(ip12709851,21,0,0,1,0,0)}
id_2973354,1,{(ip2145850,5,0,5,1,0,1),(ip12463335,673,187,443,29,5,18),(ip482197,3,3,0,1,1,0),(ip17432976,9,0,4,1,1,1),(ip20984775,21,0,9,3,1,2)}
id_3397761,1,{(ip10385440,223,13,223,11,2,11),(ip382070,4,0,4,1,0,1),(ip10560688,5,0,5,1,0,1),(ip18912867,1,0,1,1,1,1),(ip5527445,1,0,0,1,0,0),(ip7373471,12,0,12,1,0,1),(ip13826869,4,0,4,1,0,1),(ip20476148,1222,227,428,32,8,22),(ip15365361,8,1,5,6,1,4),(ip20494165,21,21,21,1,2,1),(ip20430555,1,0,0,1,1,0),(ip13663831,2,0,2,1,0,1),(ip10228406,8,0,6,2,0,1),(ip8784821,49,0,0,2,0,0),(ip18058165,1,0,0,1,0,0)}
id_4393277,1,{(ip2402354,17,9,14,3,2,3),(ip9830311,23,23,23,1,1,1),(ip4576725,56,0,56,27,0,27),(ip6602875,1,1,1,1,1,1),(ip10870150,2944,0,2944,34,0,34)}
id_723622,1,{(ip13018591,1,0,1,2,0,1),(ip8282114,12,0,12,1,0,1),(ip18690993,1,1,0,1,1,0),(ip17773118,8,0,8,1,0,1),(ip2525256,60,0,60,1,0,1),(ip2365109,3,3,3,1,1,1),(ip18763685,8,0,8,1,0,1),(ip14853892,2,0,0,1,0,0),(ip4950726,1,0,1,1,0,1),(ip3018671,3,0,3,1,0,1),(ip13121815,2,0,2,1,0,1),(ip9371131,95,44,16,12,1,3),(ip12877665,1,0,1,1,0,1)}
id_3846591,1,{(ip3039067,4,0,4,1,0,1),(ip12986699,51,0,51,1,0,1),(ip8694624,19,0,19,1,0,1),(ip276068,1,0,1,1,0,1),(ip13216753,2,0,2,2,0,2),(ip12589010,4,0,4,1,0,1),(ip9335397,14,0,14,3,0,3),(ip12803882,302,0,302,1,0,1),(ip1020487,2,0,2,2,0,2),(ip7569041,49,0,49,3,0,3),(ip13437380,1923,0,1923,1,0,1),(ip13073708,11,0,11,1,0,1),(ip18401011,1,0,1,1,0,1),(ip14548930,96,0,96,1,0,1),(ip12383579,53,0,53,1,0,1),(ip19718786,27,0,27,1,0,1),(ip11888773,1,0,1,1,0,1),(ip18382743,5,0,5,1,0,1),(ip1454245,2,0,2,1,0,1),(ip12190491,15,0,15,1,0,1),(ip4230576,49,0,49,1,0,1),(ip356347,2,0,2,2,0,2),(ip13093835,43,0,43,3,0,1),(ip19882280,346,0,346,1,0,1),(ip9810826,8,0,8,1,0,1),(ip3909762,2,0,2,1,0,1),(ip1974339,89,0,89,1,0,1),(ip7236307,1,0,0,1,1,0),(ip15341659,2,0,2,2,0,2),(ip7192881,4,0,4,1,0,1),(ip2926007,2,0,2,1,0,1),(ip13426290,11,0,11,1,0,1),(ip21120897,35,0,35,1,0,1),(ip17486307,3,0,3,1,0,1),(ip6559472,31,0,17,2,0,1),(ip17315787,98,0,98,1,0,1),(ip5304034,5,0,5,1,0,1),(ip16649591,2,0,2,1,0,1),(ip10721820,11,0,11,1,0,1),(ip4644056,40,0,40,1,0,1),(ip10097983,8,0,8,1,0,1),(ip607584,1,1,1,1,1,1),(ip19616179,5,0,5,1,0,1),(ip13085370,16,0,16,1,1,1),(ip1774075,397,0,397,1,0,1),(ip10142932,1,0,1,1,0,1),(ip9190920,1,0,1,1,0,1),(ip53960,43,0,43,2,0,2),(ip2133395,6,6,6,1,1,1),(ip17954204,1,1,0,1,1,0),(ip10050058,4,0,4,1,0,1),(ip11741262,1,0,0,1,0,0),(ip18185275,2,0,2,1,0,1),(ip8315856,2,0,2,1,0,1),(ip4993017,1,0,1,1,0,1),(ip17993405,9,0,9,2,0,2),(ip18713294,8,0,8,1,0,1),(ip20542679,7,0,7,3,0,3),(ip4453728,1637,0,1637,18,0,18),(ip1653534,1092,0,1092,1,1,1),(ip867959,5,0,5,1,0,1),(ip5358460,6,0,6,1,0,1),(ip1744589,4,0,4,1,0,1),(ip16305243,1,0,1,1,0,1),(ip3443961,7,0,7,1,0,1),(ip19005570,16,0,0,1,1,0),(ip11687317,53,0,53,2,0,2),(ip6154462,46,0,46,1,0,1),(ip8529814,1,1,0,1,1,0),(ip18650221,4,0,4,1,0,1),(ip10000082,1,0,1,1,0,1)}
id_2637410,1,{(ip16110588,86,0,86,3,0,3),(ip18148858,8,8,8,2,2,2),(ip14731373,3,1,3,2,1,2),(ip10666994,2,1,2,2,1,2),(ip1305288,31,0,31,5,0,5),(ip7251536,48,22,48,3,2,3),(ip17571624,4,4,4,1,1,1),(ip20971278,156,11,156,8,1,8),(ip4997451,15,0,15,1,0,1),(ip17979502,8,1,8,1,1,2),(ip12607759,8,2,8,4,2,4),(ip18273418,2,0,2,2,0,2),(ip3090674,14,5,14,3,1,3),(ip20314448,1,0,1,1,0,1),(ip17532467,12,0,12,3,0,3),(ip19930489,8,5,8,2,1,2),(ip11987256,167,16,167,6,2,6),(ip16575660,5,0,5,2,0,2),(ip8334930,81,39,81,5,4,5),(ip13601208,153,0,153,2,0,2),(ip9898630,39,15,39,5,2,5)}
id_4721541,1,{(ip2088993,4,0,4,1,0,1),(ip15626789,12,0,3,1,0,1),(ip16936617,3,0,0,1,0,0),(ip6227033,23,0,23,1,0,1),(ip18836421,15,15,15,1,1,1),(ip5595157,49,49,49,1,1,1),(ip1919197,19,0,0,1,0,0),(ip4996637,12,0,0,1,0,0),(ip14181943,43,43,43,1,1,1),(ip1872354,17,0,17,1,0,1),(ip17534432,6,0,6,1,0,1),(ip4685518,9,0,0,1,0,0),(ip15888741,3,0,0,1,0,0),(ip20880173,7,0,0,1,0,0),(ip16814879,2,0,2,1,0,1),(ip15425098,14,0,14,1,0,1),(ip20481070,12,0,0,1,0,0),(ip10058652,16,0,16,1,0,1),(ip560279,15,0,0,1,0,0),(ip3577020,17,0,0,1,0,0),(ip17155362,3,3,0,1,1,0),(ip2630129,12,0,12,1,0,1),(ip6643043,4,0,0,1,0,0),(ip6654468,11,11,11,1,1,1),(ip16673571,63,0,63,1,0,1),(ip17100076,5,5,0,1,1,0),(ip16679210,1,0,1,1,0,1),(ip8858167,5,0,5,1,0,1),(ip1438474,17,17,17,1,1,1),(ip16866369,8,2,8,2,1,2),(ip1312804,21,0,0,1,0,0),(ip12359364,24,0,0,1,0,0),(ip3401624,2,0,2,1,0,1),(ip20191509,7,0,7,1,0,1),(ip7067506,2,1,2,2,1,2),(ip4136315,3,0,0,1,0,0),(ip9039034,8,0,8,1,0,1),(ip10865719,1,0,1,1,0,1),(ip1537823,8,0,0,1,0,0),(ip7692056,13,0,0,1,0,0),(ip12859228,19,0,19,1,0,1),(ip4086551,27,0,0,1,0,0),(ip21120052,9,9,9,1,1,1),(ip19920018,2,0,0,1,0,0),(ip13032391,1,0,0,1,0,0),(ip20040230,22,22,22,1,1,1),(ip18028918,7,0,7,1,0,1),(ip9144881,4,0,4,1,0,1),(ip2983958,2,0,0,1,0,0),(ip9684850,31,0,0,1,0,0),(ip6928189,48,48,48,1,1,1),(ip20460067,29,0,29,1,1,1),(ip14617345,23,23,14,1,1,1),(ip13769411,13,0,0,1,1,0),(ip8347426,7,0,7,2,0,1),(ip15436693,20,0,20,1,0,1),(ip12576688,9,0,0,1,0,0),(ip3839992,6,1,6,2,1,2),(ip20008551,35,35,35,1,1,1),(ip19158359,3,3,0,1,1,0)}
id_1132439,1,{(ip3164996,2,0,2,1,0,1),(ip8137857,1,0,1,1,0,1),(ip6533449,3,3,3,1,1,1),(ip402539,1,1,1,1,1,1),(ip5744268,1,0,1,1,0,1),(ip17299356,3,0,3,1,0,1),(ip17556998,2,0,2,1,0,1),(ip12271494,2701,428,1507,43,15,48),(ip18842560,1,0,0,2,0,0),(ip6168077,4,3,1,2,1,1),(ip15773088,18,0,18,1,0,1),(ip11979910,12,0,0,1,0,0),(ip18512883,1,0,0,1,0,0),(ip1399669,1,0,1,1,0,1),(ip8327389,12,0,7,1,0,1),(ip17362597,1,0,0,1,0,0),(ip19325322,16,0,16,1,0,1),(ip7416704,1,0,1,1,0,1),(ip11671230,1,0,0,1,0,0),(ip13793965,1,0,1,1,0,1),(ip14068971,6,0,0,1,0,0),(ip15740602,1,0,1,1,0,1),(ip11042747,1,1,1,1,1,1),(ip6515291,2,1,2,2,1,2),(ip10975421,3,0,3,1,0,1),(ip14748450,3,0,0,1,0,0),(ip7981394,1,1,1,1,1,1),(ip14964208,2,0,0,1,0,0),(ip12507716,3,0,0,1,0,0),(ip3514210,3,0,3,1,0,1),(ip5329746,2,0,0,1,0,0),(ip11392350,3,3,3,1,1,1),(ip5812186,1,1,0,1,1,0),(ip2848013,1,0,1,1,0,1),(ip18014520,1,0,1,1,0,1),(ip16668679,1,1,0,1,1,0),(ip2920836,15,13,2,2,1,1),(ip14533632,21,0,21,1,0,1),(ip2261253,1,0,0,1,0,0),(ip121909,2,0,2,1,0,1),(ip4007153,1,0,0,1,0,0),(ip3344330,1,0,1,1,1,1),(ip20115659,12,0,12,1,1,1),(ip6770512,1,0,1,1,0,1),(ip2270980,2,2,0,1,1,0),(ip17157711,5,4,4,2,1,1),(ip1458237,3,0,0,1,0,0),(ip18256632,9,0,0,2,0,0),(ip119848,1,0,0,1,0,0),(ip10126468,1,0,0,1,0,0)}
id_4421972,1,{(ip999655,348,163,313,12,4,12),(ip16989865,1,1,0,1,1,0),(ip9028891,1,1,1,1,1,1),(ip16807552,1,1,1,1,1,1),(ip9970128,10,0,10,1,0,1),(ip7850048,1,0,1,1,0,1)}
id_1629112,1,{(ip7951816,4641,2097,1983,42,12,26),(ip6651581,8,4,5,6,1,4),(ip9079212,1867,1338,860,6,2,2),(ip9879353,243,0,243,11,0,11),(ip21050477,1,1,0,1,1,0)}
id_4565331,1,{(ip5478704,2,1,1,1,1,1),(ip1363348,2,0,2,1,0,1),(ip18509750,15,14,15,2,1,2),(ip5220086,5,5,5,1,1,1),(ip15329940,2,0,2,1,0,1),(ip17859687,1,1,1,1,1,1),(ip20170664,2,0,2,1,0,1),(ip15929687,16,0,16,1,0,1),(ip20440369,3,0,3,1,1,1),(ip361516,10,0,10,1,0,1),(ip7541538,1,1,0,1,1,0),(ip19503229,9,0,9,1,0,1),(ip7388412,1,0,1,1,0,1),(ip20704869,18,18,18,1,1,1),(ip14750474,58,31,43,10,4,8),(ip9036871,8,8,6,1,1,1),(ip19736165,16,0,16,1,0,1),(ip20454644,1,1,0,1,1,0),(ip9575031,2,0,2,1,0,1),(ip3284718,1,1,1,1,1,1),(ip12647376,7,0,7,1,0,1),(ip14916152,4,0,4,1,0,1),(ip8465665,3,0,0,1,0,0),(ip5970367,2,0,2,1,0,1),(ip14612515,14,14,14,2,2,2),(ip916882,1,1,0,1,1,0),(ip5633651,4,0,4,1,0,1),(ip18496990,7,0,7,1,0,1),(ip15341342,1,0,1,1,0,1),(ip1395182,35,35,35,1,1,1),(ip19052383,48,0,20,2,0,1),(ip17310306,19,0,19,1,0,1),(ip3865582,10,0,10,1,0,1),(ip2364046,27,0,27,1,0,1),(ip9425482,4,0,4,1,1,1)}
id_1778126,1,{(ip10360467,1,1,1,1,2,1),(ip19231131,2,0,2,1,0,1),(ip14228806,5,0,5,1,0,1),(ip20872833,4,0,4,1,0,1),(ip2034756,27,27,27,1,1,1),(ip284823,9,0,9,1,0,1),(ip7625589,7,0,7,1,0,1),(ip6009232,8,0,8,1,0,1),(ip11490228,13,0,13,1,0,1),(ip4321277,5,0,5,1,0,1),(ip2055841,1,1,0,1,1,0)}
id_17917,1,{(ip16743418,22,0,22,2,0,2),(ip21079118,26,0,26,1,0,1),(ip20010557,5,0,5,2,0,2),(ip13856723,15,0,15,1,0,1),(ip1535956,7,0,7,1,0,1),(ip6172479,177,0,177,8,0,8),(ip5132077,2,0,2,1,0,1),(ip414137,10,0,10,1,0,1)}
id_2065570,1,{(ip19634756,1,0,0,1,0,0),(ip2856515,14,0,0,1,0,0),(ip13952639,2,0,2,1,0,1),(ip14543303,1,0,1,1,0,1),(ip8436438,1,0,0,1,0,0),(ip1347787,3,3,3,1,1,1),(ip11597870,1,0,0,1,0,0),(ip18108371,2,0,2,1,0,1),(ip1831244,24,24,24,1,1,1),(ip15359209,1,1,0,1,1,0),(ip1582769,1,0,0,1,0,0),(ip520062,595,77,326,33,11,20),(ip656486,2,0,1,1,0,1),(ip12033495,1,1,0,1,1,0),(ip18237748,4,0,4,1,0,1),(ip1913777,1,0,0,1,0,0),(ip14067014,1,0,1,1,0,1),(ip2547585,2,0,2,3,0,1)}
id_1365294,1,{(ip18801722,8,0,2,1,0,1),(ip4933300,8,0,8,1,0,1),(ip7772188,867,0,309,1,0,1),(ip19628926,2,2,2,1,1,1),(ip11531965,353,201,335,5,2,4),(ip8667644,132,0,0,1,0,0),(ip13479488,926,229,190,11,2,4),(ip11230168,18,18,0,1,1,0),(ip11758145,1435,223,213,7,2,2),(ip3522669,3172,3152,3152,3,2,2),(ip19378618,163,0,152,1,0,1),(ip16508492,29,0,29,3,0,3),(ip18244425,311,0,132,3,0,1),(ip12077859,19,0,0,1,0,0),(ip18568933,357,0,58,1,0,1),(ip934579,56,56,56,1,1,1),(ip4520583,24,24,24,1,1,1)}
id_3013604,1,{(ip14904180,6,0,6,1,0,1),(ip19671919,1,0,0,1,0,0),(ip17170846,20,0,0,1,0,0),(ip19219838,3,0,0,1,0,0),(ip8237639,50,2,32,10,3,6),(ip20894611,3,0,3,1,0,1),(ip10388012,7,0,7,1,0,1),(ip654113,2,0,0,1,0,0),(ip20290386,20,0,20,1,0,1),(ip4141186,1,0,0,1,0,0),(ip17572425,5,0,0,1,0,0),(ip15821990,30,0,30,1,0,1),(ip11188990,1,0,1,1,0,1),(ip5046857,886,53,820,9,2,6),(ip20635185,22,22,0,1,1,0),(ip17665493,934,31,752,15,2,12),(ip7277361,41,0,41,1,0,1),(ip4579708,8,4,8,2,1,2)}
id_3867259,1,{(ip19579872,2,0,0,1,0,0),(ip11247843,4,4,4,1,1,1),(ip16980715,16,0,16,1,1,1),(ip20137107,439,184,221,5,2,3),(ip16593172,2,0,2,1,0,1),(ip8127529,6,0,6,1,0,1),(ip18771715,3,0,2,1,0,1),(ip15755027,12,0,12,1,1,1),(ip16194215,3,0,0,1,0,0),(ip15320244,6,0,6,1,0,1),(ip6919050,671,318,283,31,8,17),(ip17296554,3,0,0,1,0,0),(ip3899145,18,0,0,1,0,0),(ip20200414,34,34,34,1,1,1),(ip7729325,6,0,0,1,0,0),(ip13657631,25,23,3,3,2,1),(ip1744127,5,5,5,1,1,1),(ip4568959,9,0,9,1,0,1),(ip16466062,1,0,1,1,0,1),(ip14168804,2,0,2,1,0,1),(ip252199,1,0,0,1,0,0),(ip12846659,3,0,3,1,0,1),(ip7449647,160,114,78,6,3,4),(ip4867541,4,0,4,3,0,1),(ip8791696,64,0,64,1,1,1),(ip19645416,58,0,51,1,0,1),(ip151526,37,0,33,1,0,1),(ip7385862,4,0,0,1,1,0),(ip4599828,2,2,2,1,1,1),(ip13667647,3,0,3,1,0,1),(ip6168356,3,0,0,1,0,0)}
id_1629401,1,{(ip18408422,32,0,0,2,0,0),(ip11009955,3,3,3,1,1,1),(ip20016547,572,65,364,37,11,29),(ip194062,41,0,38,3,1,2),(ip18379120,3,0,0,1,0,0),(ip354240,56,0,0,1,0,0),(ip13302620,6,1,5,2,1,2)}
id_1126211,1,{(ip3701804,1,0,1,1,0,1),(ip17965552,3,0,3,1,0,1),(ip6228244,23,23,0,1,1,0),(ip19496623,24,1,6,4,1,2),(ip20711026,1,0,0,1,0,0),(ip5972794,4,0,4,1,0,1),(ip15052868,4,2,2,2,1,1),(ip3115653,5,5,5,1,1,1),(ip4839341,5,5,5,1,1,1),(ip20223999,20,1,18,3,1,2),(ip3339807,38,0,28,4,0,3),(ip16961744,1,0,1,1,0,1),(ip2756327,2,0,2,1,0,1),(ip12722318,1,0,1,1,0,1),(ip4177840,2,0,2,1,0,1),(ip617916,2,0,2,1,0,1),(ip17584693,1,0,1,1,0,1),(ip16073623,20,20,20,2,2,2),(ip7740008,18,0,17,1,0,1),(ip9243967,1,0,1,1,0,1),(ip8450775,3,0,3,3,0,3)}
id_119213,1,{(ip8777575,1,0,1,1,0,1),(ip2288049,1,0,1,1,0,1),(ip14526535,1,0,1,1,1,1),(ip19140060,13,0,4,2,0,1),(ip14393661,13,0,0,1,0,0),(ip3213842,1,0,1,1,0,1),(ip17998920,110,8,0,8,2,0),(ip16100042,1,0,1,1,0,1),(ip20228729,1,0,1,1,0,1),(ip14426880,1,0,1,1,0,1),(ip12051520,1,0,1,1,0,1),(ip19800306,1,0,0,1,0,0),(ip16156898,1,0,0,1,0,0),(ip7244597,9,0,9,1,0,1),(ip3777994,3,0,2,3,1,1),(ip7109956,1,0,1,1,0,1),(ip15854223,7,0,1,1,0,1),(ip20910323,2,0,0,1,0,0),(ip8183924,1,0,1,1,0,1),(ip12787342,1,0,0,1,0,0),(ip10263796,2,0,2,1,0,1),(ip10794142,2,0,1,2,0,1),(ip9732433,6,0,0,1,0,0),(ip3561345,1,0,1,1,0,1),(ip8891802,5,0,5,1,0,1),(ip10469344,15,5,5,5,2,2),(ip15322306,1,0,1,1,1,1),(ip9854157,2,0,2,1,0,1),(ip3574041,3,0,3,2,0,2),(ip12964105,1,0,1,1,0,1),(ip18783536,1,0,1,1,0,1),(ip17051557,1,0,1,1,0,1),(ip19720882,9,0,9,1,1,1),(ip19127976,1,0,1,1,0,1)}
id_2365564,1,{(ip6148004,10,0,10,3,1,3),(ip17008762,154,54,103,30,9,21),(ip14786553,3,0,3,1,0,1),(ip6029423,1,0,1,1,0,1),(ip15278597,1,0,1,1,0,1),(ip8840315,3,0,3,1,0,1)}
id_710051,1,{(ip7961086,1,1,0,1,3,0),(ip7142292,1,0,0,1,0,0),(ip17665094,1,0,1,1,0,1),(ip159948,2,0,2,1,0,1),(ip6493482,6,0,0,1,0,0),(ip198763,1,0,1,1,0,1)}
id_4476928,1,{(ip9067965,1,0,0,1,0,0),(ip17462459,33,0,0,1,0,0),(ip3984760,11,0,11,3,0,3),(ip5832756,221,1,221,21,1,21),(ip10722210,1,0,1,1,0,1)}
id_446499,1,{(ip5394082,7,0,7,1,0,1),(ip5576969,36,0,36,2,0,2),(ip9280685,126,15,35,3,1,3),(ip473193,1,0,1,1,0,1),(ip12137850,4381,14,4381,38,1,38),(ip1002279,37,0,37,2,0,2),(ip17782334,432,169,177,28,6,11)}
id_2560674,1,{(ip3264482,1,0,0,1,0,0),(ip15770457,2,0,2,1,0,1),(ip14586304,15,1,1,4,1,1),(ip18171613,160,3,12,8,2,5),(ip15316691,14,0,0,1,0,0),(ip1547521,3,3,0,1,1,0),(ip11001479,51,51,0,1,1,0),(ip10933360,44,11,44,6,1,6)}
id_2977548,1,{(ip3915391,268,101,223,37,13,36),(ip3057991,5,0,0,1,0,0),(ip17029419,365,0,365,1,0,1),(ip16314462,21,0,21,5,0,5),(ip4415884,12,0,12,1,0,1)}
id_2520064,1,{(ip9358271,1,1,0,1,1,0),(ip14471042,2,2,2,1,1,1),(ip21109827,1,1,0,1,1,0),(ip5928364,1,0,0,1,0,0),(ip13402484,1,0,0,1,0,0),(ip1044808,1,0,1,2,0,1),(ip9085721,1,0,1,1,0,1),(ip8659777,1,0,1,1,0,1),(ip641210,2,1,0,2,1,0),(ip10283206,1,0,0,1,1,0),(ip16149945,1,0,1,2,0,1),(ip6015334,1,0,1,1,0,1),(ip2004934,3,0,0,1,0,0),(ip13563571,1,0,0,1,1,0),(ip3363678,1,0,1,1,0,1),(ip9498602,2,0,0,1,0,0),(ip12396193,1,0,0,1,0,0),(ip22242,1,0,0,1,0,0),(ip17384676,1,1,1,1,1,1),(ip6219732,1,1,1,1,1,1),(ip19049546,1,1,0,1,1,0),(ip10971358,2,0,2,1,0,1),(ip20845263,2,1,0,2,1,0),(ip2271391,1,0,0,1,0,0),(ip13503330,2,0,2,1,0,1),(ip1042962,1,0,1,1,0,1),(ip8090189,1,0,1,1,0,1),(ip8335095,1,0,1,1,0,1),(ip14294001,1,0,1,1,0,1),(ip12698160,1,1,1,1,1,1),(ip15756187,1,0,1,1,0,1),(ip4024706,1,0,0,1,0,0),(ip8706605,1,0,0,1,0,0),(ip18706189,1,1,0,1,1,0),(ip313736,1,1,0,1,1,0),(ip19725981,1,0,1,1,0,1),(ip12749477,1,0,1,1,0,1),(ip11447914,1,0,1,1,0,1),(ip12544458,1,0,0,1,0,0),(ip14800947,1,0,1,1,1,1),(ip12408616,1,1,0,1,1,0),(ip3665709,2,2,2,1,1,1),(ip9946281,1,0,0,1,0,0),(ip7033093,1,1,0,1,1,0),(ip6063802,1,1,1,1,1,1),(ip16812784,1,1,1,1,2,1),(ip3634701,1,1,1,1,1,1),(ip12410071,1,0,1,1,0,1),(ip13807126,1,0,1,1,0,1),(ip299741,1,0,0,1,0,0),(ip987857,1,0,1,1,0,1),(ip19977291,1,0,1,1,0,1),(ip14560990,1,1,1,1,1,1),(ip11849109,1,0,0,1,0,0),(ip10035496,1,0,0,1,0,0),(ip4512750,1,1,1,1,1,1),(ip4904545,1,0,0,2,0,0),(ip12751028,1,0,1,1,0,1),(ip20672027,1,0,1,1,0,1),(ip817276,2,2,0,1,1,0),(ip5926631,1,1,1,1,1,1),(ip7425317,1,0,1,1,0,1),(ip3197982,1,1,1,1,1,1),(ip2623468,1,1,1,1,1,1),(ip12391088,1,0,1,1,0,1),(ip18261179,2,2,0,1,1,0),(ip3943779,1,1,0,3,1,0),(ip16620775,2,0,2,1,0,1),(ip3098103,1,0,0,1,0,0),(ip8659394,1,1,0,1,1,0),(ip13205445,1,0,1,1,0,1),(ip6622141,1,0,1,1,0,1),(ip14583846,1,1,0,1,1,0),(ip807460,1,0,0,1,0,0),(ip3734396,1,1,1,1,1,1),(ip17616681,1,1,0,1,1,0),(ip3873036,1,1,1,1,1,1),(ip294459,2,0,0,1,1,0),(ip11296921,1,0,1,1,0,1),(ip20573815,1,0,0,1,1,0),(ip15523146,1,0,1,1,0,1),(ip4404844,1,0,1,1,0,1),(ip3833152,1,1,1,1,1,1),(ip4364975,1,0,1,1,0,1),(ip19140133,1,0,0,1,0,0),(ip10789048,4,0,4,1,0,1),(ip11421386,1,0,1,1,0,1),(ip20167778,1,0,1,1,0,1),(ip10298567,1,0,0,1,0,0),(ip13292267,1,1,1,1,1,1),(ip5254332,2,0,0,1,0,0),(ip17594950,24,24,0,1,1,0),(ip7623140,1,0,1,1,0,1),(ip17744730,1,1,1,1,1,1),(ip19596284,1,1,1,1,1,1),(ip9362000,1,0,0,1,0,0),(ip6362290,1,1,1,1,2,1),(ip20222551,1,0,0,1,0,0),(ip14128073,1,0,0,1,0,0),(ip15654115,1,0,0,1,0,0),(ip4080710,10,0,10,2,0,2),(ip8351763,1,0,1,1,0,1),(ip2068667,1,0,1,1,0,1),(ip15620998,2,0,2,1,0,1),(ip19628130,1,0,1,1,0,1),(ip2096069,1,1,0,1,1,0),(ip834350,15253,4578,10723,28,3,28),(ip1634882,1,1,1,1,1,1),(ip12397659,1,1,1,1,1,1),(ip20607336,1,0,0,1,0,0)}
id_3881138,1,{(ip8598653,20,0,17,14,0,13),(ip21001211,6,0,6,1,0,1),(ip11039472,980,125,800,43,4,42),(ip6834506,40,0,40,1,0,1),(ip15696816,1,0,1,1,0,1)}
id_1888383,1,{(ip19709631,180,14,170,19,1,19),(ip12603113,33,33,25,2,2,1),(ip16377654,121,1,121,8,1,8),(ip3838318,29,12,28,5,2,4),(ip4999142,1,0,1,1,0,1),(ip10727213,1,0,0,1,0,0),(ip16914088,1,1,1,2,1,1),(ip15049747,107,79,99,6,4,6),(ip12958810,3,0,3,1,0,1)}
id_2155648,1,{(ip11341866,51,0,3,2,0,1),(ip3102559,2,0,0,1,0,0),(ip1421296,1,0,1,1,0,1),(ip10474008,2,0,0,1,0,0),(ip11332931,1,0,0,1,0,0),(ip910546,1,1,0,1,1,0),(ip4162872,17,0,17,1,0,1)}
id_1499510,1,{(ip3688742,37,0,0,1,0,0),(ip14371893,1,0,1,1,0,1),(ip105427,3,0,3,1,0,1),(ip2147785,8,8,8,1,1,1),(ip17048301,1,0,1,1,0,1),(ip9868513,1,1,0,1,1,0),(ip12031246,34,0,34,2,0,2),(ip418718,11,6,1,3,1,1),(ip11342625,10,10,10,2,2,2),(ip19392857,198,0,198,1,0,2),(ip8580029,3,0,0,1,1,0),(ip405644,56,4,56,4,1,4)}
id_4060627,1,{(ip17902767,2,2,0,1,1,0),(ip2187760,7,7,4,1,1,1),(ip13708653,5,0,0,1,0,0),(ip9010788,1,1,1,1,1,1),(ip5474355,2,0,1,2,0,1),(ip6620315,19,0,0,1,0,0),(ip16343498,2,1,1,2,1,1),(ip1109676,4,4,0,1,1,0),(ip4103609,39,39,39,1,1,1),(ip8191632,2,0,0,1,0,0),(ip18423723,16,0,16,3,0,1),(ip17822715,15,9,11,2,1,2),(ip17856953,13,2,7,3,1,2),(ip10052217,22,0,2,2,0,1),(ip13900647,5,0,5,1,0,1),(ip10501023,16,16,0,1,1,0),(ip8394095,13,13,13,3,1,1),(ip5980446,3,0,3,1,0,1),(ip19208639,3,3,0,1,1,0),(ip3117765,13,0,0,1,0,0),(ip11684538,11,0,11,1,0,1),(ip3088713,1,0,0,1,0,0),(ip11926203,8,0,7,3,0,1),(ip5193718,1,0,1,1,0,1),(ip21113147,1,0,1,1,0,1),(ip20513702,1,0,1,1,0,1),(ip10495376,11,0,11,2,0,2),(ip13185376,14,14,12,2,2,1),(ip3818855,12,0,0,1,0,0),(ip14376756,1,0,0,1,1,0),(ip8961152,5,5,1,1,1,1),(ip9216623,4,0,0,1,0,0),(ip9370463,43,0,43,2,0,1),(ip20389061,11,7,3,2,1,1),(ip14495351,4,0,0,1,0,0),(ip7075553,2,2,0,1,1,0),(ip4663228,19,0,5,1,0,2)}
id_2971240,1,{(ip6474220,3,0,3,1,0,1),(ip16310564,2,0,2,1,0,1),(ip11911977,1,0,1,1,0,1),(ip20876912,23,0,23,2,0,2),(ip821551,1,0,1,3,0,1),(ip15904468,1,0,1,1,0,1),(ip2297332,94,0,94,5,0,5),(ip21026920,7,0,7,2,0,2),(ip12098218,1,0,1,1,0,1),(ip3275258,27,0,27,4,0,4),(ip17664177,2,0,2,2,0,2),(ip11305584,2,0,2,1,0,1)}
id_1640970,1,{(ip17669890,4,0,0,1,0,0),(ip6311123,4,0,2,2,0,1)}
id_3686153,1,{(ip17918375,64,0,64,2,0,2),(ip14583405,162,0,162,5,0,5),(ip19854377,2,0,2,1,0,1),(ip8654255,65,0,65,4,0,4),(ip12255232,115,0,113,11,0,11),(ip3465078,19,0,7,4,1,2),(ip5112434,516,0,515,17,0,17),(ip14281261,1,0,1,1,0,1),(ip17119140,12,0,12,1,0,1),(ip13571273,1,0,0,1,0,0),(ip17510666,7,0,7,3,0,3),(ip14726667,532,0,532,14,1,14),(ip20747513,8,0,8,1,0,1)}
id_1101312,1,{(ip4568149,4,4,0,1,1,0),(ip17571811,11,0,11,1,0,1),(ip19675644,1,0,0,1,0,0),(ip21104156,2,2,0,1,1,0),(ip10136269,9,0,0,1,0,0),(ip10705765,8,0,8,1,0,1),(ip13635265,5,0,0,1,0,0),(ip18057849,7,0,7,1,0,1),(ip8411361,2,0,0,1,0,0),(ip261994,23,0,0,1,0,0),(ip11518393,7,0,7,1,0,1),(ip12437437,2,0,2,1,0,1),(ip2151363,1,0,0,1,0,0),(ip5095812,1,0,0,1,0,0),(ip699261,2,0,0,1,0,0),(ip7401518,1,1,0,1,1,0)}
id_2030350,1,{(ip9407943,1021,598,831,35,10,20),(ip6382905,265,0,265,7,0,7)}
id_3126166,1,{(ip255612,1,0,1,1,0,1),(ip17762382,1,1,1,1,1,1),(ip11095977,5,0,0,2,0,0),(ip7442832,1,0,1,1,0,1),(ip3571303,1,0,0,1,0,0)}
id_4380888,1,{(ip8828169,1,1,0,1,1,0),(ip13115111,1,0,1,1,0,1),(ip15501255,1,0,0,1,0,0),(ip5007462,1,1,0,1,1,0),(ip5380439,20,20,20,1,1,1),(ip16788151,11,11,0,1,1,0),(ip11523887,2,0,2,1,1,1),(ip663948,19,19,0,1,1,0),(ip20697843,19,19,0,1,1,0),(ip15682310,31,0,31,1,0,1),(ip15467482,2,0,0,1,0,0),(ip9376680,12,12,0,1,1,0),(ip15509285,1,0,1,1,0,1),(ip17215083,3,0,3,1,0,1)}
id_2108483,1,{(ip12415847,1,0,1,1,0,1),(ip19009721,1,0,0,1,0,0),(ip16409275,27,9,17,8,2,7),(ip12667656,1,0,1,1,0,1),(ip14684190,1,0,1,1,0,1),(ip5058153,1,0,1,1,0,1),(ip17401859,1,0,1,1,0,1),(ip5061453,1,0,1,1,0,1),(ip5031923,1,0,1,1,1,1),(ip2915337,336,134,179,43,14,34),(ip18940402,13,0,13,5,0,5),(ip15335012,3,0,3,1,0,1)}
id_695879,1,{(ip10822814,1,0,1,1,0,1),(ip6028555,2,0,2,1,0,1)}
id_2628405,1,{(ip17685254,26,0,0,1,0,0),(ip9481410,1,0,0,1,0,0),(ip16423962,17,17,17,1,1,1),(ip19853,1,0,1,1,0,1),(ip8993378,6,0,6,1,1,1)}
id_3738229,1,{(ip1578773,1,0,1,1,1,1),(ip17604804,1,0,1,1,0,1),(ip13117150,4745,0,4745,32,0,32),(ip5037234,1,0,1,1,0,1),(ip2419202,16,0,16,5,0,5),(ip2387279,1,0,1,1,0,1),(ip7207558,1,0,1,1,0,1),(ip4640166,1,0,1,1,1,1),(ip2553447,1,0,1,1,0,1),(ip20852986,1,0,1,1,0,1),(ip1041381,1,0,1,1,0,1),(ip17187407,1,0,1,2,0,1),(ip17311539,1,0,1,1,0,1),(ip5951985,1,0,1,1,0,1),(ip16759232,512,0,512,5,0,5),(ip17752194,1,0,1,1,0,1),(ip18816391,1,0,1,1,0,1),(ip19035450,1,0,1,1,0,1),(ip8946829,1,0,1,1,0,1),(ip3158076,1,0,1,1,0,1)}
id_809107,1,{(ip1512519,17,0,9,1,0,1),(ip17064293,2,0,2,1,0,1),(ip17109878,2,0,2,1,0,1),(ip15881767,7,0,0,1,0,0),(ip740154,957,0,77,1,0,1),(ip16836843,1,0,1,1,0,1),(ip17458532,5,0,5,1,0,1),(ip8730039,2,0,2,1,0,1),(ip10809205,332,83,57,25,7,12),(ip3698497,5,0,5,1,0,1),(ip20699903,4,0,4,1,0,1),(ip12221044,5,0,0,1,0,0),(ip4007758,2,0,2,1,0,1),(ip12872230,1,0,1,1,0,1),(ip11132716,2,0,2,1,0,1),(ip9985987,2,0,2,1,0,1),(ip19633667,5,5,3,2,2,2),(ip8581725,10,0,10,1,0,1),(ip6794591,7,0,7,1,0,1),(ip15315865,3,3,3,1,1,1),(ip17728779,22,0,22,1,0,1),(ip11686841,6,0,6,1,0,1),(ip13846558,2,0,0,1,0,0),(ip7663623,7,0,6,1,0,1),(ip6731783,1,0,1,1,0,1),(ip18485,2,0,2,1,0,1),(ip20477209,3,3,2,1,1,1),(ip5740801,7,0,1,1,0,1),(ip18954648,6,0,0,1,0,0),(ip16699492,14,0,4,1,0,1),(ip7436235,4,2,2,2,1,1),(ip19963094,5,5,5,1,1,1),(ip13339961,5,0,5,1,0,1),(ip12332548,1,0,0,1,0,0),(ip13412570,661,0,0,1,1,0),(ip2042867,13,10,10,2,1,1),(ip8481011,10,0,10,1,0,1),(ip3129740,3,0,0,1,0,0),(ip18024773,1,0,1,1,0,1),(ip15901142,4,0,2,2,0,1),(ip4025751,1,0,0,1,0,0),(ip19422557,1,0,1,1,0,1),(ip1317570,3,3,3,1,1,1),(ip18312597,2,0,2,2,1,1),(ip4560190,2,0,1,2,0,1),(ip11103249,8,0,7,1,0,1),(ip20188044,2,1,1,2,1,1),(ip9532698,12,0,0,1,0,0),(ip9436304,1,0,0,2,0,0),(ip11519745,8,8,2,1,1,1),(ip20358198,3,0,0,1,0,0),(ip14911820,2,0,2,1,0,1),(ip9407204,13,0,13,2,1,1),(ip8772941,1,0,1,2,0,1),(ip9361539,1,0,1,1,0,1),(ip9301117,14,0,0,1,1,0),(ip12624460,8,6,4,2,1,1),(ip17593836,13,0,13,1,0,1),(ip1254446,2,0,0,1,0,0),(ip10073732,1,0,1,1,0,1),(ip8366982,14,0,14,1,0,1),(ip7031379,3,0,3,1,0,1),(ip1349003,25,0,25,1,0,1),(ip13550192,2,2,2,1,1,1),(ip18689732,1,0,1,1,0,1),(ip13530900,1,0,1,1,0,1),(ip15103458,17,17,11,2,2,1),(ip21030873,2,0,2,1,0,1),(ip17795202,2,0,0,1,0,0),(ip5316700,1,0,1,1,0,1),(ip16765696,1,1,1,1,1,1),(ip4625103,3,3,3,1,1,1),(ip19371996,582,0,581,1,0,1),(ip18849743,2,0,0,1,0,0)}
id_3621099,1,{(ip4625761,11,0,11,1,0,1),(ip15064107,1,1,1,1,1,1),(ip12760366,1,1,1,1,1,1),(ip15054132,2,0,2,1,0,1),(ip11793475,1,0,1,1,1,1),(ip5048419,8,0,8,1,0,1),(ip17739745,1,0,1,1,0,1),(ip18284088,1,1,1,1,1,1)}
id_4506952,1,{(ip14681694,1,0,1,1,0,1),(ip5704005,1,0,1,1,0,1),(ip16670764,10,0,10,2,0,1),(ip11697387,1,0,1,1,1,1),(ip18959518,6,0,6,1,0,1),(ip11371687,4,4,4,1,1,1),(ip18486221,122,122,122,1,1,1),(ip7328431,2,2,2,1,1,1),(ip19084881,48,48,48,2,2,2),(ip18124475,17,0,17,1,0,1),(ip19385665,6,6,6,1,1,1),(ip19743433,1,0,1,1,0,1),(ip10216748,2,0,2,1,0,1),(ip19417783,54,54,54,1,1,1),(ip3487903,3,0,3,1,0,1),(ip7086611,3,0,3,1,0,1)}
id_3925341,1,{(ip4689934,148,0,148,1,0,1),(ip3795691,1,0,1,1,0,1),(ip17652285,7,7,0,1,1,0),(ip14143666,21,3,16,8,1,5),(ip3270848,3,0,0,1,1,0),(ip10282651,2,0,2,1,0,1)}
id_3189015,1,{(ip11118134,1,1,1,1,1,1),(ip13884729,41,15,16,3,1,2),(ip252945,1,0,0,1,0,0),(ip19184242,2,0,2,1,0,1),(ip5857508,11,0,0,1,0,0),(ip2020692,1,0,1,2,0,1),(ip5965123,47,0,47,5,0,5),(ip7394545,8,0,8,1,0,1),(ip6052358,25,19,23,4,2,4)}
id_53817,1,{(ip5689348,66,0,0,1,0,0),(ip9461274,4,0,0,1,0,0),(ip1522731,26,26,26,1,1,1),(ip20380621,9,0,9,1,0,1),(ip11174527,22,22,22,1,1,1),(ip13686819,451,177,225,13,3,10),(ip10538340,3,3,0,1,1,0),(ip8661479,2,0,2,1,0,1)}
id_1577624,1,{(ip11099151,6,6,0,1,1,0),(ip2062989,3,0,3,1,0,1),(ip1170508,1,0,0,1,0,0),(ip18667491,57,0,22,1,0,1),(ip17934502,1,1,1,1,1,1),(ip6062935,43,43,0,2,1,0),(ip13637788,1,1,1,1,1,1),(ip6334488,12,0,12,1,0,1)}
id_511804,1,{(ip4673374,177,52,109,19,6,11),(ip9084043,8,8,0,1,1,0)}
id_3125905,1,{(ip12547308,4,0,4,3,0,1),(ip17996405,2,0,2,2,0,2),(ip16102493,6264,0,6264,38,0,34),(ip1937442,3,0,0,1,0,0),(ip3903875,1678,946,625,21,8,11),(ip14298847,45,12,14,3,1,2)}
id_2183223,1,{(ip13294524,20,20,0,2,2,0),(ip3207705,1,1,0,2,1,0),(ip9653415,6,6,6,1,1,1),(ip18310243,52,52,52,1,1,1),(ip6735730,9,0,0,1,0,0),(ip293400,4,0,4,1,0,1),(ip16216642,81,81,81,1,1,1),(ip21060617,21,0,0,2,0,0),(ip8626297,6,0,0,1,0,0),(ip11219059,6,0,6,1,0,1),(ip10959662,10,0,10,1,0,1),(ip4344350,28,0,0,1,0,0),(ip1397899,6,0,0,1,0,0),(ip1426724,45,0,45,1,0,1),(ip13537380,1,0,1,1,0,1),(ip20426937,1,0,1,2,0,1),(ip8090937,14,14,14,1,1,1),(ip3886515,1,0,0,1,0,0),(ip3631205,18,0,18,1,0,1),(ip20738790,4,2,0,2,1,0),(ip1148549,9,9,9,1,1,1),(ip3202557,26,0,26,1,0,1),(ip2159023,19,0,17,1,1,1),(ip10849094,2,2,2,1,1,1),(ip17279151,13,0,13,1,0,1),(ip3084431,29,29,0,1,1,0),(ip8186234,13,13,13,1,1,1),(ip7036351,4,4,4,1,1,1),(ip721205,18,10,8,2,1,1),(ip16743964,8,0,0,1,0,0)}
id_2105264,1,{(ip2613898,6,6,0,1,1,0),(ip15773286,636,199,543,30,22,29),(ip16333308,1,1,0,1,1,0),(ip8942491,19,0,8,1,0,1),(ip10193425,1,0,1,1,0,1),(ip13346258,31,0,31,1,0,1),(ip8225733,20,0,1,2,0,1),(ip20276491,1,0,1,1,0,1),(ip1378154,8,0,8,1,0,1),(ip11105905,21,0,1,1,1,1),(ip3966245,2,0,0,1,0,0),(ip7219803,10,0,0,2,0,0)}
id_2333087,1,{(ip7719633,4,4,4,1,1,1),(ip1143478,47,13,14,2,1,2),(ip14892237,3,0,0,1,0,0),(ip2377209,9,0,0,1,0,0),(ip3855510,1,0,1,2,0,1),(ip7736384,302,37,32,11,2,6),(ip13171185,79,38,56,2,1,2),(ip11190848,1,0,1,1,0,1),(ip7287604,94,6,24,9,2,6)}
id_3007991,1,{(ip6183921,10,0,0,3,0,0),(ip10736567,8,0,0,1,0,0),(ip16578886,1,0,0,1,0,0),(ip7800531,7,0,5,2,0,1),(ip15432256,2,0,0,1,0,0),(ip5002436,8,0,0,1,0,0),(ip11149212,1,1,0,1,1,0),(ip9220066,2,0,0,1,0,0),(ip13207652,5,0,0,1,0,0)}
id_582032,1,{(ip11960415,4,0,4,1,0,1),(ip4152282,2,0,2,1,0,1),(ip20713134,8,0,0,1,0,0),(ip11086395,30,0,30,2,0,1),(ip4009846,7,0,0,1,0,0),(ip5400588,14,0,0,1,0,0),(ip17020155,7,7,7,1,1,1),(ip1392942,23,0,0,1,0,0),(ip10566548,1,0,1,1,0,1),(ip4797858,71,0,0,1,0,0),(ip9100331,15,15,0,1,1,0),(ip10072380,3,0,3,3,0,1),(ip16610882,11,0,11,1,1,1),(ip13621607,3,0,0,1,0,0),(ip10615253,3,0,0,1,1,0),(ip2426117,9,0,9,1,0,1),(ip57547,1,1,1,1,1,1),(ip15276713,1,0,0,1,0,0),(ip5950749,1,0,1,1,0,1),(ip18851292,8,0,8,1,0,1),(ip16316353,3,0,3,1,0,1),(ip12340143,1,0,1,1,0,1),(ip16640530,6,0,6,1,0,1),(ip4338627,1,1,1,1,1,1),(ip6956414,5,5,0,1,1,0),(ip2509054,2,2,0,1,1,0),(ip19625204,2,0,2,1,0,1),(ip4555971,89,0,0,1,0,0),(ip614318,35,0,0,1,0,0),(ip15895536,5,0,5,1,0,1),(ip20065982,45,0,0,1,0,0),(ip491234,28,28,28,1,1,1),(ip7977018,4,4,4,1,1,1),(ip18979831,1,0,1,1,0,1),(ip12660255,1,0,1,1,0,1),(ip8091530,3,3,0,1,1,0),(ip5462999,14,0,14,1,0,1),(ip7347908,1,0,1,1,1,1),(ip10773537,1,0,1,2,0,1),(ip9074955,38,0,24,2,0,1),(ip6315680,1,0,1,1,0,1)}
id_4126069,1,{(ip4322589,8,1,4,5,1,3),(ip7480659,1,0,1,1,0,1),(ip8413673,1,1,1,1,1,1),(ip7545332,6,0,6,1,0,1),(ip18440624,2,0,2,1,0,1),(ip16836578,7,7,7,1,1,1),(ip894318,1137,377,544,27,9,17),(ip10539750,5,5,5,1,1,1),(ip18107248,908,0,908,17,0,17),(ip8301114,1,0,0,1,0,0),(ip8517112,5,0,0,1,0,0),(ip8064431,6,0,6,1,0,1),(ip17669620,31,25,0,2,1,0),(ip16432075,5,0,4,3,0,2)}
id_2813316,1,{(ip12705415,1032,370,532,42,2,23),(ip15987318,1,0,1,1,0,1),(ip9538232,1,1,1,1,1,1)}
id_3091758,1,{(ip11114516,22,0,22,1,0,1),(ip6619379,3,0,3,1,0,1),(ip14899004,48,0,48,2,0,2),(ip9666140,22,0,0,1,0,0),(ip3156030,2,2,2,1,1,1),(ip15374606,7,7,7,1,1,1),(ip3109318,33,33,33,1,1,1),(ip5962974,14,14,14,1,1,1),(ip17660905,37,37,37,1,1,1),(ip18891284,120,120,120,1,1,1),(ip21059627,143,0,111,3,0,2),(ip4707824,216,57,185,4,1,3),(ip19889214,32,0,32,1,0,1),(ip9399134,4,0,0,1,0,0),(ip18256054,34,0,34,1,0,1),(ip3298598,1,0,1,1,0,1),(ip16999820,66,0,66,1,1,1),(ip20825680,1,0,1,1,0,1),(ip16913063,4,0,4,1,0,1),(ip8591132,8,0,0,1,0,0),(ip12605281,90,0,90,1,0,1),(ip14933785,61,0,61,1,0,1),(ip2955514,57,0,57,1,0,1),(ip2243533,2,0,2,1,0,1),(ip5230396,1,1,1,1,1,1),(ip11383189,44,0,44,3,0,3),(ip2283484,2,0,2,1,1,1),(ip16570664,37,0,37,1,0,1),(ip9370314,29,0,29,1,0,1),(ip7482653,2,2,0,1,1,0),(ip4219209,4,0,4,1,1,1),(ip19904145,4,0,4,1,1,1),(ip14219221,51,0,51,1,0,1),(ip751834,21,0,21,1,0,1),(ip1428223,2,0,2,1,1,1),(ip18570672,60,60,60,1,1,1),(ip16586247,49,49,49,1,1,1),(ip14803766,28,0,28,1,0,1),(ip4547992,173,0,173,1,0,1),(ip3054661,54,0,54,1,0,1),(ip4263331,29,0,29,1,0,1),(ip1902575,56,56,56,1,1,1),(ip280334,5,0,5,1,0,1),(ip6739211,6,0,5,4,0,3),(ip14927276,43,0,43,3,0,3),(ip5175091,245,155,107,5,1,4),(ip9164741,10,10,10,1,1,1),(ip18167056,3,0,3,1,0,1),(ip18482817,64,0,64,1,0,1),(ip15588359,92,30,92,3,1,3),(ip2653145,17,0,17,1,0,1),(ip3680639,1,0,1,1,1,1),(ip18726533,2,2,0,1,1,0),(ip1412728,2,2,2,2,1,1),(ip4781203,14,7,14,2,1,2),(ip20004219,1,0,1,1,0,1),(ip10493093,15,0,0,1,0,0),(ip14274092,1,1,1,1,1,1)}
id_4594422,1,{(ip16243951,293,0,0,1,0,0),(ip460831,6,0,6,1,0,1),(ip8142692,1,0,1,1,0,1),(ip19336033,16,0,0,1,0,0),(ip2136757,26,0,0,1,0,0),(ip2263180,23,23,21,2,2,2),(ip17666037,126,0,57,2,1,2),(ip19106534,7,0,0,1,0,0),(ip4677664,2,2,0,1,1,0),(ip772646,9,0,6,2,0,1),(ip16455329,4,0,4,1,0,1),(ip17869958,1,1,0,1,1,0),(ip11003915,3,0,3,1,0,1),(ip7002118,29,0,0,1,1,0),(ip13969052,7,7,0,1,1,0),(ip14447198,26,0,0,1,1,0),(ip15788915,18,0,0,1,1,0),(ip15746691,44,0,1,2,0,1),(ip13025397,23,23,0,1,1,0),(ip16275182,43,0,43,1,0,1),(ip4778270,34,0,0,1,0,0),(ip8835008,45,45,0,1,1,0),(ip9235823,4,0,0,1,0,0),(ip8810695,57,0,0,1,0,0),(ip4961351,1,0,1,1,0,1),(ip20642619,10,0,0,1,0,0),(ip7211432,29,0,0,2,0,0),(ip3403661,150,0,0,1,0,0),(ip5474818,3,0,2,2,0,1),(ip16217737,3,0,3,1,0,1),(ip20880690,20,0,0,1,0,0),(ip9106857,1,0,1,1,0,1),(ip100671,1,0,1,1,0,1),(ip717367,1,1,0,1,1,0),(ip1513961,8,0,0,1,0,0),(ip1437580,51,51,0,1,1,0),(ip13894286,33,33,0,1,1,0),(ip3979640,1,0,1,1,0,1),(ip7966522,8,8,0,1,1,0),(ip13684889,36,0,1,2,1,1),(ip12500488,6,0,0,1,0,0),(ip4245948,3,0,3,3,0,1),(ip20581808,3,0,3,3,1,1),(ip20543749,37,0,0,1,0,0),(ip19239994,32,0,13,2,0,1),(ip16088002,1,0,0,1,0,0),(ip17953238,20,0,0,1,0,0),(ip15629409,12,11,11,1,1,1),(ip15341294,10,10,10,1,3,1),(ip3340863,30,7,23,2,1,1),(ip10741753,20,0,20,1,0,1),(ip6061835,10,10,0,1,1,0),(ip13413440,31,31,31,1,1,1),(ip10753815,8,0,0,1,0,0),(ip3927311,3,0,0,1,0,0),(ip19713313,1,0,0,1,0,0),(ip20689868,1,0,0,1,0,0),(ip2729959,8,8,0,1,1,0),(ip19146120,140,0,0,1,0,0),(ip1924594,17,0,0,1,0,0),(ip12483664,44,0,0,1,0,0),(ip19553155,13,0,13,1,0,1),(ip19005706,2,0,0,1,0,0)}
id_768929,1,{(ip17198554,1,1,0,1,1,0),(ip14651727,2,2,0,1,1,0),(ip897316,2,2,0,1,1,0),(ip18009914,2,2,0,3,1,0),(ip165502,2,2,0,1,1,0),(ip10663849,211,21,64,1,4,5),(ip21133557,881,81,152,17,3,8),(ip11886953,14,0,0,1,0,0)}
id_1103500,1,{(ip11559227,1,1,1,1,1,1),(ip1238875,2,0,0,1,0,0),(ip11839271,7,0,7,1,0,1),(ip13107286,1,0,0,1,0,0),(ip17133645,2,0,0,1,0,0),(ip1808667,3,0,3,1,0,1),(ip3648541,5,0,0,2,1,0),(ip4705553,2,2,0,1,1,0),(ip97696,4,0,0,1,0,0),(ip20562063,67,0,0,1,1,0),(ip19114475,3,3,0,1,1,0),(ip8900067,1,0,0,1,0,0),(ip3474994,1,0,0,1,0,0),(ip6004372,11,0,0,1,0,0),(ip3382766,38,0,0,1,0,0),(ip16763658,3,0,0,1,0,0),(ip9314072,16,0,0,1,0,0),(ip4679365,5,0,5,1,0,1),(ip9549927,25,0,20,3,0,2),(ip20715170,3,0,3,1,0,1)}
id_1415624,1,{(ip18815558,5,0,5,1,0,1),(ip12812717,1,1,0,1,1,0),(ip219375,2,0,2,1,0,1),(ip19505500,26,0,26,1,1,1),(ip510698,3,0,3,1,0,1),(ip7534,1,0,0,1,0,0),(ip3619930,1,0,0,1,0,0),(ip4707323,5,0,5,1,0,1),(ip11857623,29,0,0,1,0,0),(ip3387584,1,0,0,1,0,0),(ip13599430,1,0,0,1,0,0),(ip17224655,1,0,1,1,0,1),(ip779276,3,0,0,1,0,0),(ip3004710,1,1,0,1,1,0),(ip13515545,7,7,7,1,1,1),(ip4502050,1,0,0,1,0,0),(ip9157961,1,0,0,1,0,0),(ip107352,3,3,0,1,1,0),(ip5231909,1,0,0,1,0,0),(ip2064061,6,0,0,1,0,0),(ip9414191,1,0,1,1,1,1),(ip15628411,3,0,3,1,0,1),(ip20585917,36,0,36,1,0,1),(ip13694294,2,0,0,2,0,0),(ip2275484,1,1,0,1,1,0),(ip4786525,46,0,46,1,1,1),(ip14892129,2,0,0,1,0,0),(ip21112482,1,0,0,1,0,0),(ip1950739,6,0,0,2,0,0),(ip11974167,5,0,0,1,0,0),(ip3532719,1,0,1,1,1,1),(ip15958469,3,3,3,1,1,1)}
id_1734156,1,{(ip1182543,13,0,13,1,0,1),(ip468902,8,0,8,1,0,1),(ip1020551,50,0,50,3,0,3),(ip17631748,10,0,10,1,1,1),(ip9091180,1,1,0,1,1,0),(ip16047750,2,0,2,1,0,1),(ip15371691,13,0,12,1,0,1),(ip20683750,10,0,10,1,0,1),(ip16476769,29,21,13,4,2,2),(ip13228650,2,0,2,1,0,1),(ip5036605,3,0,3,1,0,1),(ip3768282,6,0,6,1,0,1),(ip20339480,1,0,1,1,0,1),(ip10751186,4,4,4,1,1,1),(ip4496989,4,0,4,1,0,1),(ip1602247,8,0,8,1,0,1),(ip3672766,13,0,13,1,0,1),(ip19441103,5,0,0,1,0,0),(ip16853084,1,0,1,1,0,1),(ip9171374,6,0,6,1,0,1),(ip4062140,1,0,1,1,0,1),(ip4411250,12,0,12,1,0,1)}
